Cycle,Année,Matière,Nom du fichier PDF,Lien direct,Chemin complet
2as,matiere,islam,6343.pdf,https://drive.google.com/uc?export=view&id=16zx6mH-3uJspX_q27TFCeuvENHIk7EBJ,SITE tafawakdz / Cycle / Cycle_secondaire / Annee / 2as / matiere / islam
2as,matiere,islam,6342.pdf,https://drive.google.com/uc?export=view&id=1cIgti6QZa1_ZL3CxfCTmagSEzGs0NJiU,SITE tafawakdz / Cycle / Cycle_secondaire / Annee / 2as / matiere / islam
2as,matiere,islam,6341.pdf,https://drive.google.com/uc?export=view&id=1eI_uPQgDLyzdP2cuJmrZpHFyqobpX6KI,SITE tafawakdz / Cycle / Cycle_secondaire / Annee / 2as / matiere / islam
2as,matiere,islam,6340.pdf,https://drive.google.com/uc?export=view&id=19UINDHWFAnEouvS_uWbOjF29rKUpL7IB,SITE tafawakdz / Cycle / Cycle_secondaire / Annee / 2as / matiere / islam
2as,matiere,islam,6338.pdf,https://drive.google.com/uc?export=view&id=1XL5Je3MSo9RCPsrztky5RUdei4TuW2rQ,SITE tafawakdz / Cycle / Cycle_secondaire / Annee / 2as / matiere / islam
2as,matiere,islam,6339.pdf,https://drive.google.com/uc?export=view&id=1tGGbhb4DeIkvhfme0o_htME7yVhbA2cY,SITE tafawakdz / Cycle / Cycle_secondaire / Annee / 2as / matiere / islam
2as,matiere,islam,6337.pdf,https://drive.google.com/uc?export=view&id=1AVeyO3afwMiBUVkc6u1As9reqFkoh0cQ,SITE tafawakdz / Cycle / Cycle_secondaire / Annee / 2as / matiere / islam
2as,matiere,islam,6336.pdf,https://drive.google.com/uc?export=view&id=1IkyVQiUD43Jro5dA9moFKqvrnsewsZtX,SITE tafawakdz / Cycle / Cycle_secondaire / Annee / 2as / matiere / islam
2as,matiere,islam,6335.pdf,https://drive.google.com/uc?export=view&id=1ACzYKqPGPBavkV8DWgK9Kw-U7N1cMaF1,SITE tafawakdz / Cycle / Cycle_secondaire / Annee / 2as / matiere / islam
2as,matiere,islam,6334.pdf,https://drive.google.com/uc?export=view&id=1F88G5x-rzmOjdnN5wiqjyZA0lmrSniRx,SITE tafawakdz / Cycle / Cycle_secondaire / Annee / 2as / matiere / islam
2as,matiere,islam,6333.pdf,https://drive.google.com/uc?export=view&id=1vEqUW9rI-hAS1DrGFj1FqjpXSXg05n29,SITE tafawakdz / Cycle / Cycle_secondaire / Annee / 2as / matiere / islam
2as,matiere,islam,6332.pdf,https://drive.google.com/uc?export=view&id=1mPNq1J5thbmKCRXrCKC_Q0W3mFbGQKfc,SITE tafawakdz / Cycle / Cycle_secondaire / Annee / 2as / matiere / islam
2as,matiere,islam,6331.pdf,https://drive.google.com/uc?export=view&id=1aPpDEYqvtjf7vo9RThJQhd2G0v7HaQ4f,SITE tafawakdz / Cycle / Cycle_secondaire / Annee / 2as / matiere / islam
2as,matiere,islam,6330.pdf,https://drive.google.com/uc?export=view&id=17ay87loN7bgwGp5MOLV2TwYiI1ZBS4wT,SITE tafawakdz / Cycle / Cycle_secondaire / Annee / 2as / matiere / islam
2as,matiere,islam,6329.pdf,https://drive.google.com/uc?export=view&id=1ohyzPQbEzQJeqxvuLfFaR_FgcEAhz5il,SITE tafawakdz / Cycle / Cycle_secondaire / Annee / 2as / matiere / islam
2as,matiere,islam,6328.pdf,https://drive.google.com/uc?export=view&id=1wbJNMvOMHBSmHzy12BbW67NZdAxTqYHU,SITE tafawakdz / Cycle / Cycle_secondaire / Annee / 2as / matiere / islam
2as,matiere,islam,6327.pdf,https://drive.google.com/uc?export=view&id=1GpmpReRXrfND8gcGXESDyXO_35UkqYol,SITE tafawakdz / Cycle / Cycle_secondaire / Annee / 2as / matiere / islam
2as,matiere,islam,6326.pdf,https://drive.google.com/uc?export=view&id=140DOdeg6TizEH3w20SmAjb9BbC3_qBER,SITE tafawakdz / Cycle / Cycle_secondaire / Annee / 2as / matiere / islam
2as,matiere,islam,6325.pdf,https://drive.google.com/uc?export=view&id=1J9qFJ0js9j2dYcZ8c2cOSJpP71vAOTKZ,SITE tafawakdz / Cycle / Cycle_secondaire / Annee / 2as / matiere / islam
2as,matiere,islam,6324.pdf,https://drive.google.com/uc?export=view&id=1eEXm-yfw9EqJjVjAuO22_G8d9ZRhwFEd,SITE tafawakdz / Cycle / Cycle_secondaire / Annee / 2as / matiere / islam
2as,matiere,islam,6322.pdf,https://drive.google.com/uc?export=view&id=1EHEwiSbBokK6yVDf5Cr34VNLO90j4J_z,SITE tafawakdz / Cycle / Cycle_secondaire / Annee / 2as / matiere / islam
2as,matiere,islam,6323.pdf,https://drive.google.com/uc?export=view&id=1R_j3vmZz2nUcscKr3xHFswUFgV0QwIzr,SITE tafawakdz / Cycle / Cycle_secondaire / Annee / 2as / matiere / islam
2as,matiere,islam,6321.pdf,https://drive.google.com/uc?export=view&id=1X4xRSdDAMb_7ARSy116ssKCx4AqMpDKH,SITE tafawakdz / Cycle / Cycle_secondaire / Annee / 2as / matiere / islam
2as,matiere,islam,6320.pdf,https://drive.google.com/uc?export=view&id=16scK5NokvU29ud__kegnZaS3ApL9vfpc,SITE tafawakdz / Cycle / Cycle_secondaire / Annee / 2as / matiere / islam
2as,matiere,islam,6319.pdf,https://drive.google.com/uc?export=view&id=1s5J1k3sHawSkuKB4jxlE_MfU_pCE4g6w,SITE tafawakdz / Cycle / Cycle_secondaire / Annee / 2as / matiere / islam
2as,matiere,islam,6318.pdf,https://drive.google.com/uc?export=view&id=1N4iAYrCjEEBWLOPTWELdiSxv-zEihHgU,SITE tafawakdz / Cycle / Cycle_secondaire / Annee / 2as / matiere / islam
2as,matiere,islam,6316.pdf,https://drive.google.com/uc?export=view&id=1C722Kic0VsyufLOdT0l2iQFJQlu4YKvT,SITE tafawakdz / Cycle / Cycle_secondaire / Annee / 2as / matiere / islam
2as,matiere,islam,6317.pdf,https://drive.google.com/uc?export=view&id=1wRyCiN-yWURxN0aQCBRat-amouK1i2EB,SITE tafawakdz / Cycle / Cycle_secondaire / Annee / 2as / matiere / islam
2as,matiere,islam,6314.pdf,https://drive.google.com/uc?export=view&id=1BmPFjrJCpqrkM5B0JTlzhCVrJZ-qfnSI,SITE tafawakdz / Cycle / Cycle_secondaire / Annee / 2as / matiere / islam
2as,matiere,islam,6315.pdf,https://drive.google.com/uc?export=view&id=1FAdqTla_dGZcxkIVN0r2SqkeuKx3yhAF,SITE tafawakdz / Cycle / Cycle_secondaire / Annee / 2as / matiere / islam
2as,matiere,islam,6313.pdf,https://drive.google.com/uc?export=view&id=1SNFNL-Kd2lhSlx9czL9mlI9Lv57YIetO,SITE tafawakdz / Cycle / Cycle_secondaire / Annee / 2as / matiere / islam
2as,matiere,islam,6311.pdf,https://drive.google.com/uc?export=view&id=1-uMnCJWUCpqrMk6fsIWR86ntl72KdKu2,SITE tafawakdz / Cycle / Cycle_secondaire / Annee / 2as / matiere / islam
2as,matiere,islam,6312.pdf,https://drive.google.com/uc?export=view&id=1bI-XFwu9DiB6HPp0aJJi-Y8_PetNgxps,SITE tafawakdz / Cycle / Cycle_secondaire / Annee / 2as / matiere / islam
2as,matiere,islam,6310.pdf,https://drive.google.com/uc?export=view&id=1k3OkZDnA9dXHKXk6RiFlIm4ffSmM4Tdu,SITE tafawakdz / Cycle / Cycle_secondaire / Annee / 2as / matiere / islam
2as,matiere,islam,6309.pdf,https://drive.google.com/uc?export=view&id=1DYdFlJyw3P9QqPtpKzePQVAi9zTiQ5be,SITE tafawakdz / Cycle / Cycle_secondaire / Annee / 2as / matiere / islam
2as,matiere,islam,6308.pdf,https://drive.google.com/uc?export=view&id=1ErtURKrBMDpT0rK8uHu1Yh6Zp_WlFS50,SITE tafawakdz / Cycle / Cycle_secondaire / Annee / 2as / matiere / islam
2as,matiere,islam,6307.pdf,https://drive.google.com/uc?export=view&id=1ZjoFCTT3WoGJvQHruJmMjYfZQZ7gRbEL,SITE tafawakdz / Cycle / Cycle_secondaire / Annee / 2as / matiere / islam
2as,matiere,islam,6305.pdf,https://drive.google.com/uc?export=view&id=1PHM1TjVP6n7Xw8qbxKam5mBtfFrrV4ms,SITE tafawakdz / Cycle / Cycle_secondaire / Annee / 2as / matiere / islam
2as,matiere,islam,6306.pdf,https://drive.google.com/uc?export=view&id=1PWn2uUB3v58CJVdEBW0jANo12lPt_NJO,SITE tafawakdz / Cycle / Cycle_secondaire / Annee / 2as / matiere / islam
2as,matiere,islam,6304.pdf,https://drive.google.com/uc?export=view&id=1AcrxF-xiAX3NYaBIO24Ifq_pxBCOXLLu,SITE tafawakdz / Cycle / Cycle_secondaire / Annee / 2as / matiere / islam
2as,matiere,islam,6303.pdf,https://drive.google.com/uc?export=view&id=1IxyDkJFcbaByraGP037d3OlDAmrXoleh,SITE tafawakdz / Cycle / Cycle_secondaire / Annee / 2as / matiere / islam
2as,matiere,islam,6302.pdf,https://drive.google.com/uc?export=view&id=1ZsLH8LqtdGT1XuCWwUYNVkXF2gw_rmy7,SITE tafawakdz / Cycle / Cycle_secondaire / Annee / 2as / matiere / islam
2as,matiere,islam,6301.pdf,https://drive.google.com/uc?export=view&id=1B-UGbf-VLECvcgQ61WfdA8w21aIXC5uS,SITE tafawakdz / Cycle / Cycle_secondaire / Annee / 2as / matiere / islam
2as,matiere,islam,6300.pdf,https://drive.google.com/uc?export=view&id=1WvdRZkDMsmu6QeKR64KyGnC9Yr1cszLe,SITE tafawakdz / Cycle / Cycle_secondaire / Annee / 2as / matiere / islam
2as,matiere,islam,6299.pdf,https://drive.google.com/uc?export=view&id=1dxFGqGB0qeY1EEEqerTfukZX9n5bd_uI,SITE tafawakdz / Cycle / Cycle_secondaire / Annee / 2as / matiere / islam
2as,matiere,islam,6298.pdf,https://drive.google.com/uc?export=view&id=104q3rtTlaNMsH8uxTLInriobtwdIoETk,SITE tafawakdz / Cycle / Cycle_secondaire / Annee / 2as / matiere / islam
2as,matiere,islam,6297.pdf,https://drive.google.com/uc?export=view&id=1lIfsNm3zSK1xnRAMiEAPshAD0vqa026I,SITE tafawakdz / Cycle / Cycle_secondaire / Annee / 2as / matiere / islam
2as,matiere,islam,6296.pdf,https://drive.google.com/uc?export=view&id=1pxNBTIttBLACW5yl6QwWTjxlLVqFD-du,SITE tafawakdz / Cycle / Cycle_secondaire / Annee / 2as / matiere / islam
2as,matiere,islam,6295.pdf,https://drive.google.com/uc?export=view&id=1WaArpn0rhXNZcNDs-px2e59xFZTK3n6C,SITE tafawakdz / Cycle / Cycle_secondaire / Annee / 2as / matiere / islam
2as,matiere,islam,6294.pdf,https://drive.google.com/uc?export=view&id=1GYcAz8Y9Tzb5f3TqjP3c_MQe6d5EYCy9,SITE tafawakdz / Cycle / Cycle_secondaire / Annee / 2as / matiere / islam
2as,matiere,islam,6293.pdf,https://drive.google.com/uc?export=view&id=1ejhDdeDeGp_7Jvie47MJjKyD2YolJYpK,SITE tafawakdz / Cycle / Cycle_secondaire / Annee / 2as / matiere / islam
2as,matiere,islam,6292.pdf,https://drive.google.com/uc?export=view&id=118Kkbspvy8iif-UbXD_PrfnBRpODXA0F,SITE tafawakdz / Cycle / Cycle_secondaire / Annee / 2as / matiere / islam
2as,matiere,islam,6291.pdf,https://drive.google.com/uc?export=view&id=1O6OjgMFGNfH5A9qLcaS6Tv43NQsLyRKf,SITE tafawakdz / Cycle / Cycle_secondaire / Annee / 2as / matiere / islam
2as,matiere,islam,6290.pdf,https://drive.google.com/uc?export=view&id=1nCnZ_4-I5leRd1nLZYIxcCaXUSCxvkmE,SITE tafawakdz / Cycle / Cycle_secondaire / Annee / 2as / matiere / islam
2as,matiere,islam,6289.pdf,https://drive.google.com/uc?export=view&id=1QACPPY0_GoQjwnby7GUxBx13oW17G37Y,SITE tafawakdz / Cycle / Cycle_secondaire / Annee / 2as / matiere / islam
2as,matiere,islam,6287.pdf,https://drive.google.com/uc?export=view&id=10B8gYpxBS-kB9RoQURdqH1D8zgV-jW38,SITE tafawakdz / Cycle / Cycle_secondaire / Annee / 2as / matiere / islam
2as,matiere,islam,6288.pdf,https://drive.google.com/uc?export=view&id=1bS90Lby_JtgMKXlBMOx3dKVQa9bsfLNH,SITE tafawakdz / Cycle / Cycle_secondaire / Annee / 2as / matiere / islam
2as,matiere,islam,6286.pdf,https://drive.google.com/uc?export=view&id=16GfvHP17IOp7x0hR5VxTmD9UHF5V5eh5,SITE tafawakdz / Cycle / Cycle_secondaire / Annee / 2as / matiere / islam
2as,matiere,islam,6285.pdf,https://drive.google.com/uc?export=view&id=1xl0N2E7hZEzWEmQhrmiYSqN0n0tdXm8j,SITE tafawakdz / Cycle / Cycle_secondaire / Annee / 2as / matiere / islam
2as,matiere,islam,6284.pdf,https://drive.google.com/uc?export=view&id=1aPTLIk-RpB9eAlWPMp1on5dzrBFsU3SZ,SITE tafawakdz / Cycle / Cycle_secondaire / Annee / 2as / matiere / islam
2as,matiere,islam,6283.pdf,https://drive.google.com/uc?export=view&id=1mr83oZlOTUUKFzlN4pp6IWRExbsJxlpu,SITE tafawakdz / Cycle / Cycle_secondaire / Annee / 2as / matiere / islam
2as,matiere,islam,6282.pdf,https://drive.google.com/uc?export=view&id=1DlNQOXeKE7Ou9aOrNtHzLz4dpVb0iIaj,SITE tafawakdz / Cycle / Cycle_secondaire / Annee / 2as / matiere / islam
2as,matiere,islam,6281.pdf,https://drive.google.com/uc?export=view&id=1IhZdNR3GzMpQIfevW8zrRBUkJPo9TORD,SITE tafawakdz / Cycle / Cycle_secondaire / Annee / 2as / matiere / islam
2as,matiere,islam,6280.pdf,https://drive.google.com/uc?export=view&id=1TAXE0hhAWHS-S3OE4TZ-raVcfBD-qMmI,SITE tafawakdz / Cycle / Cycle_secondaire / Annee / 2as / matiere / islam
2as,matiere,islam,6279.pdf,https://drive.google.com/uc?export=view&id=1HDqrNLetkNOAllDUX6vCqIiQGl8LfJSO,SITE tafawakdz / Cycle / Cycle_secondaire / Annee / 2as / matiere / islam
2as,matiere,islam,6277.pdf,https://drive.google.com/uc?export=view&id=1OGNcVS8OsgjpzZkBn22x59x3DyUDn5Cl,SITE tafawakdz / Cycle / Cycle_secondaire / Annee / 2as / matiere / islam
2as,matiere,islam,6278.pdf,https://drive.google.com/uc?export=view&id=1bMO9Rd2K1-qXFSNoRZGl0GWItAGNyxwN,SITE tafawakdz / Cycle / Cycle_secondaire / Annee / 2as / matiere / islam
2as,matiere,islam,6276.pdf,https://drive.google.com/uc?export=view&id=11MoXMU0VFu_2WUT7Yq-ORyD0DEnPYH_Y,SITE tafawakdz / Cycle / Cycle_secondaire / Annee / 2as / matiere / islam
2as,matiere,islam,6275.pdf,https://drive.google.com/uc?export=view&id=1TCapkH7vRLHxGDGgSu5Ulfj3-9l8EvrU,SITE tafawakdz / Cycle / Cycle_secondaire / Annee / 2as / matiere / islam
2as,matiere,islam,6274.pdf,https://drive.google.com/uc?export=view&id=1B7TZMSkTLfZGw5PIzm8_x098KALXWHz5,SITE tafawakdz / Cycle / Cycle_secondaire / Annee / 2as / matiere / islam
2as,matiere,islam,6273.pdf,https://drive.google.com/uc?export=view&id=1_6PBBLg89wLGlUoCUh7NPL7iYCsJd_Ml,SITE tafawakdz / Cycle / Cycle_secondaire / Annee / 2as / matiere / islam
2as,matiere,islam,6272.pdf,https://drive.google.com/uc?export=view&id=1-9a6yAwrc8utO7erKrrw7xt3kxUGQxxB,SITE tafawakdz / Cycle / Cycle_secondaire / Annee / 2as / matiere / islam
2as,matiere,islam,6271.pdf,https://drive.google.com/uc?export=view&id=1Q-KPHmbz8sH4cWviR_p0VQNvpIJkdShM,SITE tafawakdz / Cycle / Cycle_secondaire / Annee / 2as / matiere / islam
2as,matiere,islam,6270.pdf,https://drive.google.com/uc?export=view&id=1ffXy5enbBXws_tm7CN3rU6fvRKFYSad3,SITE tafawakdz / Cycle / Cycle_secondaire / Annee / 2as / matiere / islam
2as,matiere,islam,6269.pdf,https://drive.google.com/uc?export=view&id=13VM989vGVzOk3bTN5lGC5yyuRIt-ixwA,SITE tafawakdz / Cycle / Cycle_secondaire / Annee / 2as / matiere / islam
2as,matiere,islam,6268.pdf,https://drive.google.com/uc?export=view&id=1fmrgu1cCNx4a8iv3CliSSzp-tseg7nTS,SITE tafawakdz / Cycle / Cycle_secondaire / Annee / 2as / matiere / islam
2as,matiere,islam,6267.pdf,https://drive.google.com/uc?export=view&id=1rHNEkZHwzSKHcXWVcYFVhakaYDCvrsdV,SITE tafawakdz / Cycle / Cycle_secondaire / Annee / 2as / matiere / islam
2as,matiere,islam,6266.pdf,https://drive.google.com/uc?export=view&id=1aAPufizXgfYwJHNlFTVokFEr2fdMxMsT,SITE tafawakdz / Cycle / Cycle_secondaire / Annee / 2as / matiere / islam
2as,matiere,islam,6265.pdf,https://drive.google.com/uc?export=view&id=1K4z3CwCc-IPkCrdrlb21wFhofSI1u5R7,SITE tafawakdz / Cycle / Cycle_secondaire / Annee / 2as / matiere / islam
2as,matiere,islam,6264.pdf,https://drive.google.com/uc?export=view&id=1m0RIGSZMYXbsJ9ICJCwzBmMQ9JEIT3Tx,SITE tafawakdz / Cycle / Cycle_secondaire / Annee / 2as / matiere / islam
2as,matiere,islam,6263.pdf,https://drive.google.com/uc?export=view&id=1l6MZREkbG1iVGSrbzAj4GVjHcoKFSCyy,SITE tafawakdz / Cycle / Cycle_secondaire / Annee / 2as / matiere / islam
2as,matiere,islam,6262.pdf,https://drive.google.com/uc?export=view&id=1nG2LgFt09nwDaBd1WJoXqCv-sNAaoVfy,SITE tafawakdz / Cycle / Cycle_secondaire / Annee / 2as / matiere / islam
2as,matiere,islam,6260.pdf,https://drive.google.com/uc?export=view&id=1STkEUPLJgAzkVxFLlOFgV2Z-DeP7ftzd,SITE tafawakdz / Cycle / Cycle_secondaire / Annee / 2as / matiere / islam
2as,matiere,islam,6261.pdf,https://drive.google.com/uc?export=view&id=1pE8Lz2P6mevo7TEIj4L8pEP8Hw2fEQ9-,SITE tafawakdz / Cycle / Cycle_secondaire / Annee / 2as / matiere / islam
2as,matiere,islam,6259.pdf,https://drive.google.com/uc?export=view&id=1L-CgznCnsQJuUtBf7xXUOW5OAF0AJEtW,SITE tafawakdz / Cycle / Cycle_secondaire / Annee / 2as / matiere / islam
2as,matiere,islam,6258.pdf,https://drive.google.com/uc?export=view&id=1nD6nMzI-qnowCR7we2DrFmAJN44NWPM6,SITE tafawakdz / Cycle / Cycle_secondaire / Annee / 2as / matiere / islam
2as,matiere,islam,6257.pdf,https://drive.google.com/uc?export=view&id=14HSrSJxsUnuW8x5TdJWiaIcXfA022B8f,SITE tafawakdz / Cycle / Cycle_secondaire / Annee / 2as / matiere / islam
2as,matiere,islam,30509.pdf,https://drive.google.com/uc?export=view&id=1waQqgPsZTy_lOo9xvsH-NsLzyc4o1RJz,SITE tafawakdz / Cycle / Cycle_secondaire / Annee / 2as / matiere / islam
2as,matiere,islam,30508.pdf,https://drive.google.com/uc?export=view&id=1MfYPEbzOfp8RI9VMrjBqzGdiG27vnkVm,SITE tafawakdz / Cycle / Cycle_secondaire / Annee / 2as / matiere / islam
2as,matiere,islam,30507.pdf,https://drive.google.com/uc?export=view&id=1pEjMuoP4nD4tzAf3kGMDd4ScI7bxOLKF,SITE tafawakdz / Cycle / Cycle_secondaire / Annee / 2as / matiere / islam
2as,matiere,islam,30506.pdf,https://drive.google.com/uc?export=view&id=1fl6hx-PJDn4AJWipElJxiGdSqOLrJp6c,SITE tafawakdz / Cycle / Cycle_secondaire / Annee / 2as / matiere / islam
2as,matiere,islam,30505.pdf,https://drive.google.com/uc?export=view&id=1JnzCZCNNdNn_Ra019MWaSKd9kD7XaHzk,SITE tafawakdz / Cycle / Cycle_secondaire / Annee / 2as / matiere / islam
2as,matiere,islam,30504.pdf,https://drive.google.com/uc?export=view&id=16wGC3R5O2tkXc2WWb-Rme8tv1KBc6rRm,SITE tafawakdz / Cycle / Cycle_secondaire / Annee / 2as / matiere / islam
2as,matiere,islam,30503.pdf,https://drive.google.com/uc?export=view&id=1whIWo4hUYqykqBEp_ykV-AgSz5Na7KMD,SITE tafawakdz / Cycle / Cycle_secondaire / Annee / 2as / matiere / islam
2as,matiere,islam,30502.pdf,https://drive.google.com/uc?export=view&id=1dDlhkQpKirj--v8rbD2S9412Jol2fL3E,SITE tafawakdz / Cycle / Cycle_secondaire / Annee / 2as / matiere / islam
2as,matiere,islam,30501.pdf,https://drive.google.com/uc?export=view&id=1J7yxmib0jiZRcCZWn10NUCJjGp1CsBN2,SITE tafawakdz / Cycle / Cycle_secondaire / Annee / 2as / matiere / islam
2as,matiere,islam,30500.pdf,https://drive.google.com/uc?export=view&id=16lOe7tT4Oc3VMnOGcRO0E7NcrKw6k4ZY,SITE tafawakdz / Cycle / Cycle_secondaire / Annee / 2as / matiere / islam
2as,matiere,islam,30499.pdf,https://drive.google.com/uc?export=view&id=1kiXak_Xc4C0D8VwjoL26V1UZCwpK-GLn,SITE tafawakdz / Cycle / Cycle_secondaire / Annee / 2as / matiere / islam
2as,matiere,islam,30498.pdf,https://drive.google.com/uc?export=view&id=1Ldebhy0-hQslzyhx4rECjJtJTWtnYBcj,SITE tafawakdz / Cycle / Cycle_secondaire / Annee / 2as / matiere / islam
2as,matiere,islam,30497.pdf,https://drive.google.com/uc?export=view&id=1c-bCBdqJZD_F2_aWExzUJLEDbYe610Hh,SITE tafawakdz / Cycle / Cycle_secondaire / Annee / 2as / matiere / islam
2as,matiere,eng,5135.pdf,https://drive.google.com/uc?export=view&id=1i0mihRToCjL4Vd48EBOllKvcvt3RfEE0,SITE tafawakdz / Cycle / Cycle_secondaire / Annee / 2as / matiere / eng
2as,matiere,eng,5134.pdf,https://drive.google.com/uc?export=view&id=1R4a_d4kr-gRW3PgCTSkLePxh_hwrU1UO,SITE tafawakdz / Cycle / Cycle_secondaire / Annee / 2as / matiere / eng
2as,matiere,eng,5133.pdf,https://drive.google.com/uc?export=view&id=1R6iABrgT44AiQyJ9bkmfQ42PjRRVEUai,SITE tafawakdz / Cycle / Cycle_secondaire / Annee / 2as / matiere / eng
2as,matiere,eng,5132.pdf,https://drive.google.com/uc?export=view&id=1jaCn8-QQOmc0X4GVCtXReHMIpre9GDdj,SITE tafawakdz / Cycle / Cycle_secondaire / Annee / 2as / matiere / eng
2as,matiere,eng,5131.pdf,https://drive.google.com/uc?export=view&id=1Nf6Pt2aEQtdDO9lKgR78Dl4fjOp-YC7v,SITE tafawakdz / Cycle / Cycle_secondaire / Annee / 2as / matiere / eng
2as,matiere,eng,5130.pdf,https://drive.google.com/uc?export=view&id=1kGDeJ6RU0PkO-2XUmt9YCIJJ7MwJx6yT,SITE tafawakdz / Cycle / Cycle_secondaire / Annee / 2as / matiere / eng
2as,matiere,eng,5129.pdf,https://drive.google.com/uc?export=view&id=1dPUziJTfP0Mf1oAFgygrv0mhnPYZVWDm,SITE tafawakdz / Cycle / Cycle_secondaire / Annee / 2as / matiere / eng
2as,matiere,eng,5127.pdf,https://drive.google.com/uc?export=view&id=1V86zTR41C0JyKpKtQtIcdTkFYQnVLRJc,SITE tafawakdz / Cycle / Cycle_secondaire / Annee / 2as / matiere / eng
2as,matiere,eng,5128.pdf,https://drive.google.com/uc?export=view&id=1nrf2YFUU93gQy55iQJCv9vIVD8-blAXe,SITE tafawakdz / Cycle / Cycle_secondaire / Annee / 2as / matiere / eng
2as,matiere,eng,5126.pdf,https://drive.google.com/uc?export=view&id=1VWQ836VT290Me7asmSqwlfFVfSyezu_H,SITE tafawakdz / Cycle / Cycle_secondaire / Annee / 2as / matiere / eng
2as,matiere,eng,5125.pdf,https://drive.google.com/uc?export=view&id=1QRqFbzOLWHRIQxOYXPQdS3ITgkIuTB5k,SITE tafawakdz / Cycle / Cycle_secondaire / Annee / 2as / matiere / eng
2as,matiere,eng,5124.pdf,https://drive.google.com/uc?export=view&id=1qEBt4oOqUp7v6P86dVpASV7rxO6wuKab,SITE tafawakdz / Cycle / Cycle_secondaire / Annee / 2as / matiere / eng
2as,matiere,eng,5123.pdf,https://drive.google.com/uc?export=view&id=1KyrXx8h1uFU2wtTiyex9mWpfHj1jHoGz,SITE tafawakdz / Cycle / Cycle_secondaire / Annee / 2as / matiere / eng
2as,matiere,eng,5122.pdf,https://drive.google.com/uc?export=view&id=16qjs55Czo5JeX_KVVXiTVP1oITCSyt-p,SITE tafawakdz / Cycle / Cycle_secondaire / Annee / 2as / matiere / eng
2as,matiere,eng,5121.pdf,https://drive.google.com/uc?export=view&id=1S9xC5B9vGRIP_LD3C7kmBBOnwRkT2JaI,SITE tafawakdz / Cycle / Cycle_secondaire / Annee / 2as / matiere / eng
2as,matiere,eng,5120.pdf,https://drive.google.com/uc?export=view&id=1-U0IPfzyMJ7bWyba_XPQTxsdStlOpaVm,SITE tafawakdz / Cycle / Cycle_secondaire / Annee / 2as / matiere / eng
2as,matiere,eng,5119.pdf,https://drive.google.com/uc?export=view&id=19cqKMSXDeNRcGA6N-hPANjREMkj9kWOV,SITE tafawakdz / Cycle / Cycle_secondaire / Annee / 2as / matiere / eng
2as,matiere,eng,5117.pdf,https://drive.google.com/uc?export=view&id=1FHUtcQmhty4_efau-vvn_h1uWxg7DtRV,SITE tafawakdz / Cycle / Cycle_secondaire / Annee / 2as / matiere / eng
2as,matiere,eng,5118.pdf,https://drive.google.com/uc?export=view&id=1YGBadAjGPr0dt_W_hgwg4xgpuy_o3rvb,SITE tafawakdz / Cycle / Cycle_secondaire / Annee / 2as / matiere / eng
2as,matiere,eng,5116.pdf,https://drive.google.com/uc?export=view&id=1VbOTTZWAoXnaM_lzdMHposuALo6sgLbP,SITE tafawakdz / Cycle / Cycle_secondaire / Annee / 2as / matiere / eng
2as,matiere,eng,5115.pdf,https://drive.google.com/uc?export=view&id=1eN4NZOncjukOOzV4l11lxWDzppSaNIy-,SITE tafawakdz / Cycle / Cycle_secondaire / Annee / 2as / matiere / eng
2as,matiere,eng,5114.pdf,https://drive.google.com/uc?export=view&id=1mgsaeMc6al-TXyHAds88WN5fYzVqVyFK,SITE tafawakdz / Cycle / Cycle_secondaire / Annee / 2as / matiere / eng
2as,matiere,eng,5112.pdf,https://drive.google.com/uc?export=view&id=12p3MgaRE3_xdMhBABiJTxAlIMntUmgaF,SITE tafawakdz / Cycle / Cycle_secondaire / Annee / 2as / matiere / eng
2as,matiere,eng,5113.pdf,https://drive.google.com/uc?export=view&id=1DkGaRv92dcdnedDITpy7RawSU2JKwlmt,SITE tafawakdz / Cycle / Cycle_secondaire / Annee / 2as / matiere / eng
2as,matiere,eng,5111.pdf,https://drive.google.com/uc?export=view&id=1zgHFDiBQnxtrlZ2wOiK0IU7Tb4ucikGS,SITE tafawakdz / Cycle / Cycle_secondaire / Annee / 2as / matiere / eng
2as,matiere,eng,5109.pdf,https://drive.google.com/uc?export=view&id=1FX_zw8AO12ziADC1zzgKR7rWgGCZcV3r,SITE tafawakdz / Cycle / Cycle_secondaire / Annee / 2as / matiere / eng
2as,matiere,eng,5110.pdf,https://drive.google.com/uc?export=view&id=1KGFp3elxtx277wPB3qMxPvlGlCzQFiWP,SITE tafawakdz / Cycle / Cycle_secondaire / Annee / 2as / matiere / eng
2as,matiere,eng,5108.pdf,https://drive.google.com/uc?export=view&id=1NututH4rcM81qR1ao9X1x-cSM5GPIXOQ,SITE tafawakdz / Cycle / Cycle_secondaire / Annee / 2as / matiere / eng
2as,matiere,eng,5107.pdf,https://drive.google.com/uc?export=view&id=10NyCZHLxezz_mZ0iHX0TellTUFNnk0B4,SITE tafawakdz / Cycle / Cycle_secondaire / Annee / 2as / matiere / eng
2as,matiere,eng,5106.pdf,https://drive.google.com/uc?export=view&id=1RUScNtOd3GxF9C8LybSdxQwDT330Eg8z,SITE tafawakdz / Cycle / Cycle_secondaire / Annee / 2as / matiere / eng
2as,matiere,eng,5105.pdf,https://drive.google.com/uc?export=view&id=116S4FcyyOX7ssDQTBWoFHw2OJPM_VnhG,SITE tafawakdz / Cycle / Cycle_secondaire / Annee / 2as / matiere / eng
2as,matiere,eng,5104.pdf,https://drive.google.com/uc?export=view&id=1FwoBrYSYf9BMkez0pcg_uYNKAZpnqszf,SITE tafawakdz / Cycle / Cycle_secondaire / Annee / 2as / matiere / eng
2as,matiere,eng,5103.pdf,https://drive.google.com/uc?export=view&id=1b3uHX71LbMkqWb87wmubV-QSwKt8G2H2,SITE tafawakdz / Cycle / Cycle_secondaire / Annee / 2as / matiere / eng
2as,matiere,eng,5102.pdf,https://drive.google.com/uc?export=view&id=1Qm1sUnGkirpe6ub9ZBvhMQGGKSYf-das,SITE tafawakdz / Cycle / Cycle_secondaire / Annee / 2as / matiere / eng
2as,matiere,eng,5101.pdf,https://drive.google.com/uc?export=view&id=1EnRQsspT0EGKzndtb8jCDUskEmzzrsBB,SITE tafawakdz / Cycle / Cycle_secondaire / Annee / 2as / matiere / eng
2as,matiere,eng,5100.pdf,https://drive.google.com/uc?export=view&id=1dAexPO5bV4JBCHxKI6CbYn4CsWQoyp9V,SITE tafawakdz / Cycle / Cycle_secondaire / Annee / 2as / matiere / eng
2as,matiere,eng,5099.pdf,https://drive.google.com/uc?export=view&id=1GkhHeEn-ieKKUDKI3ZXP_dFhOmMqHxIO,SITE tafawakdz / Cycle / Cycle_secondaire / Annee / 2as / matiere / eng
2as,matiere,eng,5097.pdf,https://drive.google.com/uc?export=view&id=14J3CIC2KRzoWeEjjmTMzh3ZkDbvw4H5e,SITE tafawakdz / Cycle / Cycle_secondaire / Annee / 2as / matiere / eng
2as,matiere,eng,5098.pdf,https://drive.google.com/uc?export=view&id=1Z81JmvOTPg37DEYC5Mnplg3QyaxPUYZc,SITE tafawakdz / Cycle / Cycle_secondaire / Annee / 2as / matiere / eng
2as,matiere,eng,5096.pdf,https://drive.google.com/uc?export=view&id=1rBgl5g8mzPlX4mJlhVCJtyc-a4m7RrHD,SITE tafawakdz / Cycle / Cycle_secondaire / Annee / 2as / matiere / eng
2as,matiere,eng,5095.pdf,https://drive.google.com/uc?export=view&id=1AtMjlVR-LG05QBo2D7jNpt4iWadYwRre,SITE tafawakdz / Cycle / Cycle_secondaire / Annee / 2as / matiere / eng
2as,matiere,eng,5094.pdf,https://drive.google.com/uc?export=view&id=1yuQbo0xZLMPPiMOCNUbeowTL0F4F8hMV,SITE tafawakdz / Cycle / Cycle_secondaire / Annee / 2as / matiere / eng
2as,matiere,eng,5093.pdf,https://drive.google.com/uc?export=view&id=198oZUlwDdZs3oSZmjZBHg2yDqEOW5NgW,SITE tafawakdz / Cycle / Cycle_secondaire / Annee / 2as / matiere / eng
2as,matiere,eng,5092.pdf,https://drive.google.com/uc?export=view&id=1Jw10vwT-FT4P4bblwCk6VMC-QjlJCzOx,SITE tafawakdz / Cycle / Cycle_secondaire / Annee / 2as / matiere / eng
2as,matiere,eng,5091.pdf,https://drive.google.com/uc?export=view&id=1kPlcYyEnaEKu-v_vmKK4dj9wP3ZfQFBT,SITE tafawakdz / Cycle / Cycle_secondaire / Annee / 2as / matiere / eng
2as,matiere,eng,5090.pdf,https://drive.google.com/uc?export=view&id=1gTOaIgBk5IvcANzUjioJ_YG2b8jeWzW3,SITE tafawakdz / Cycle / Cycle_secondaire / Annee / 2as / matiere / eng
2as,matiere,eng,5088.pdf,https://drive.google.com/uc?export=view&id=1edNHPe_VzOoy5HCGUUhJmcqcG2yxK2Rq,SITE tafawakdz / Cycle / Cycle_secondaire / Annee / 2as / matiere / eng
2as,matiere,eng,5089.pdf,https://drive.google.com/uc?export=view&id=1iJciBNOV7YnMpvrWoSGYwUcXaniR-7Fu,SITE tafawakdz / Cycle / Cycle_secondaire / Annee / 2as / matiere / eng
2as,matiere,eng,5087.pdf,https://drive.google.com/uc?export=view&id=1stGhSeLrvoxHVMh22o_tKlYwzMG95rXb,SITE tafawakdz / Cycle / Cycle_secondaire / Annee / 2as / matiere / eng
2as,matiere,eng,5085.pdf,https://drive.google.com/uc?export=view&id=1AQftN8S9QsV5QZZm4yTcRDoF9Zo7UOak,SITE tafawakdz / Cycle / Cycle_secondaire / Annee / 2as / matiere / eng
2as,matiere,eng,5086.pdf,https://drive.google.com/uc?export=view&id=1waeCxiTS1TobfFuzB3NA0hDkwZ0Tq4Rs,SITE tafawakdz / Cycle / Cycle_secondaire / Annee / 2as / matiere / eng
2as,matiere,eng,5083.pdf,https://drive.google.com/uc?export=view&id=17A2DV_W12ClI5i2znumRCqxWUx37x73V,SITE tafawakdz / Cycle / Cycle_secondaire / Annee / 2as / matiere / eng
2as,matiere,eng,5084.pdf,https://drive.google.com/uc?export=view&id=1vGi43oVkXkgBP3QW2aNjqkqeOGcRBUxr,SITE tafawakdz / Cycle / Cycle_secondaire / Annee / 2as / matiere / eng
2as,matiere,eng,5082.pdf,https://drive.google.com/uc?export=view&id=1njx7K-tsHp0oMQjlTwzGu0nKNfsBK2Mz,SITE tafawakdz / Cycle / Cycle_secondaire / Annee / 2as / matiere / eng
2as,matiere,eng,5080.pdf,https://drive.google.com/uc?export=view&id=1gs52tH1t1Xt7LcxJKP7N98a0-ZewHNar,SITE tafawakdz / Cycle / Cycle_secondaire / Annee / 2as / matiere / eng
2as,matiere,eng,5081.pdf,https://drive.google.com/uc?export=view&id=1xDkIEEEx2j0pil3b3L2GJbePD7k-cAYS,SITE tafawakdz / Cycle / Cycle_secondaire / Annee / 2as / matiere / eng
2as,matiere,eng,5079.pdf,https://drive.google.com/uc?export=view&id=1hXTbg_vXy_I74k_FAg01HExBR_-PzHdc,SITE tafawakdz / Cycle / Cycle_secondaire / Annee / 2as / matiere / eng
2as,matiere,eng,5078.pdf,https://drive.google.com/uc?export=view&id=1aPWgYDA4B8M6wRau8BkgWwm8mWrywP3a,SITE tafawakdz / Cycle / Cycle_secondaire / Annee / 2as / matiere / eng
2as,matiere,eng,5077.pdf,https://drive.google.com/uc?export=view&id=1Tki04mkujK4YwtPKfZik6tuXA6DjkWQI,SITE tafawakdz / Cycle / Cycle_secondaire / Annee / 2as / matiere / eng
2as,matiere,eng,5076.pdf,https://drive.google.com/uc?export=view&id=1vrTxph06KLp3dgPLB3sQ2Ehu7JIZUyWi,SITE tafawakdz / Cycle / Cycle_secondaire / Annee / 2as / matiere / eng
2as,matiere,eng,5075.pdf,https://drive.google.com/uc?export=view&id=1TIvZpWGcqEVslsNaFpXvEBUXLCNLMOGx,SITE tafawakdz / Cycle / Cycle_secondaire / Annee / 2as / matiere / eng
2as,matiere,eng,5074.pdf,https://drive.google.com/uc?export=view&id=15dAsjFEW_zR-ULL2l_D1W-uI27iYTytk,SITE tafawakdz / Cycle / Cycle_secondaire / Annee / 2as / matiere / eng
2as,matiere,eng,30296.pdf,https://drive.google.com/uc?export=view&id=1dmX50LwKP-b6RWDIc6XAzxrYsW_FhJJY,SITE tafawakdz / Cycle / Cycle_secondaire / Annee / 2as / matiere / eng
2as,matiere,eng,30295.pdf,https://drive.google.com/uc?export=view&id=15lusI1ZAoYxPm7L-taE7crBoNnLsnqZR,SITE tafawakdz / Cycle / Cycle_secondaire / Annee / 2as / matiere / eng
2as,matiere,eng,30294.pdf,https://drive.google.com/uc?export=view&id=1bGOetmeBTY_X-tC2X8rFHoyK_hZMh7gc,SITE tafawakdz / Cycle / Cycle_secondaire / Annee / 2as / matiere / eng
2as,matiere,eng,30293.pdf,https://drive.google.com/uc?export=view&id=1yZWNbfkLHFquu5KxzPkKAp5Lz8isHEOz,SITE tafawakdz / Cycle / Cycle_secondaire / Annee / 2as / matiere / eng
2as,matiere,eng,30292.pdf,https://drive.google.com/uc?export=view&id=1om3ua782-nsRYwyLATbMWsUyfiXcck-N,SITE tafawakdz / Cycle / Cycle_secondaire / Annee / 2as / matiere / eng
2as,matiere,eng,30291.pdf,https://drive.google.com/uc?export=view&id=1QQ4d3tj077fqVuEdahxZsmhiaNzzolcA,SITE tafawakdz / Cycle / Cycle_secondaire / Annee / 2as / matiere / eng
2as,matiere,eng,30289.pdf,https://drive.google.com/uc?export=view&id=1BqMNrX3KidSZraFCpgNyP2X2uDIsW4lQ,SITE tafawakdz / Cycle / Cycle_secondaire / Annee / 2as / matiere / eng
2as,matiere,eng,30290.pdf,https://drive.google.com/uc?export=view&id=1EqQ0kTSVKoFAIansZau0WYAZzZqBmU-Z,SITE tafawakdz / Cycle / Cycle_secondaire / Annee / 2as / matiere / eng
2as,matiere,eng,30288.pdf,https://drive.google.com/uc?export=view&id=1Q076jOj4-8XqvSVc8DsH5ydtNY0QnDW5,SITE tafawakdz / Cycle / Cycle_secondaire / Annee / 2as / matiere / eng
2as,matiere,eng,30287.pdf,https://drive.google.com/uc?export=view&id=185pcpttkmzhLcwC5jg_C5_2OYP9j3tG3,SITE tafawakdz / Cycle / Cycle_secondaire / Annee / 2as / matiere / eng
2as,matiere,eng,30286.pdf,https://drive.google.com/uc?export=view&id=1D8VLy9PNtvH8CGFq2RDZIstvZykzifYU,SITE tafawakdz / Cycle / Cycle_secondaire / Annee / 2as / matiere / eng
2as,matiere,eng,30285.pdf,https://drive.google.com/uc?export=view&id=1DgEOoni-6VUYdSX9agBfLkMATbPwr0CL,SITE tafawakdz / Cycle / Cycle_secondaire / Annee / 2as / matiere / eng
2as,matiere,eng,30284.pdf,https://drive.google.com/uc?export=view&id=1kJZMq48v-fOHMBnIS1mpIyfBjfDykfxX,SITE tafawakdz / Cycle / Cycle_secondaire / Annee / 2as / matiere / eng
2as,matiere,eng,30283.pdf,https://drive.google.com/uc?export=view&id=1SQn17R6X8C7EmjIga-ew0iabRJ3Xr1mO,SITE tafawakdz / Cycle / Cycle_secondaire / Annee / 2as / matiere / eng
2as,matiere,eng,30282.pdf,https://drive.google.com/uc?export=view&id=1lN05KrVlaG1Yw9oKy5rxEo-5KZ1UqH-D,SITE tafawakdz / Cycle / Cycle_secondaire / Annee / 2as / matiere / eng
2as,matiere,eng,30281.pdf,https://drive.google.com/uc?export=view&id=1XFD9Wj3Zi8Yi_2NFADAmKxD9s3IuBzoZ,SITE tafawakdz / Cycle / Cycle_secondaire / Annee / 2as / matiere / eng
2as,matiere,eng,30280.pdf,https://drive.google.com/uc?export=view&id=1zIJ65ugTXoSqTDhgA-OIK_cH86zi84Xc,SITE tafawakdz / Cycle / Cycle_secondaire / Annee / 2as / matiere / eng
2as,matiere,eng,30279.pdf,https://drive.google.com/uc?export=view&id=1DbeHg2xUSCXMoaFaYONHchzYZ9RR_tqa,SITE tafawakdz / Cycle / Cycle_secondaire / Annee / 2as / matiere / eng
2as,matiere,eng,30278.pdf,https://drive.google.com/uc?export=view&id=1p1dapC1MVjEzrI7SxM-C1cXgM0gQy6ee,SITE tafawakdz / Cycle / Cycle_secondaire / Annee / 2as / matiere / eng
2as,matiere,eng,30277.pdf,https://drive.google.com/uc?export=view&id=1F7_jEU8g05gJteEaGO3CaMzSAnlKG8vw,SITE tafawakdz / Cycle / Cycle_secondaire / Annee / 2as / matiere / eng
2as,matiere,eng,30276.pdf,https://drive.google.com/uc?export=view&id=1PkQwpjLa7JsJLKyG1ECugQY0NshnLhej,SITE tafawakdz / Cycle / Cycle_secondaire / Annee / 2as / matiere / eng
2as,matiere,eng,30275.pdf,https://drive.google.com/uc?export=view&id=1YkR8KyeOXn00SJLMQRu6jEWRba8IiPdF,SITE tafawakdz / Cycle / Cycle_secondaire / Annee / 2as / matiere / eng
2as,matiere,eng,30274.pdf,https://drive.google.com/uc?export=view&id=1mH_eJXRoSYs0GkP8AvkwJT0NpI3zm2-j,SITE tafawakdz / Cycle / Cycle_secondaire / Annee / 2as / matiere / eng
2as,matiere,eng,30273.pdf,https://drive.google.com/uc?export=view&id=1sVOxrpcEz-5Fwv7Yq4WXHjp3Oz66ofTl,SITE tafawakdz / Cycle / Cycle_secondaire / Annee / 2as / matiere / eng
2as,matiere,eng,30272.pdf,https://drive.google.com/uc?export=view&id=1kIrCl9g11vRr0qbIDkZ2h7fQ48lstZK1,SITE tafawakdz / Cycle / Cycle_secondaire / Annee / 2as / matiere / eng
2as,matiere,eng,30270.pdf,https://drive.google.com/uc?export=view&id=1FE8rW44ro6ANUVSj1zZ54FKwjRfeGiI5,SITE tafawakdz / Cycle / Cycle_secondaire / Annee / 2as / matiere / eng
2as,matiere,eng,30271.pdf,https://drive.google.com/uc?export=view&id=1wuAqxTRkeKby_Ag-1NQ2a9tTRy78bd4f,SITE tafawakdz / Cycle / Cycle_secondaire / Annee / 2as / matiere / eng
2as,matiere,eng,30269.pdf,https://drive.google.com/uc?export=view&id=1WFL7cR0vBJEkphCowZcdYeL0HDlEi6Ev,SITE tafawakdz / Cycle / Cycle_secondaire / Annee / 2as / matiere / eng
2as,matiere,eng,30268.pdf,https://drive.google.com/uc?export=view&id=1hk8Nt56FGhlUjGWDARIy92AkWS5RTNCc,SITE tafawakdz / Cycle / Cycle_secondaire / Annee / 2as / matiere / eng
2as,matiere,eng,30266.pdf,https://drive.google.com/uc?export=view&id=1FMlcUM0W4lV3kRTDfDuiHxKVhuopsCs6,SITE tafawakdz / Cycle / Cycle_secondaire / Annee / 2as / matiere / eng
2as,matiere,eng,30267.pdf,https://drive.google.com/uc?export=view&id=1p5vP7C31e2bqn07wj7MQwORvDO1bCzHi,SITE tafawakdz / Cycle / Cycle_secondaire / Annee / 2as / matiere / eng
2as,matiere,eng,30265.pdf,https://drive.google.com/uc?export=view&id=1g6hqu9PNHkIXp3ewUnzX-85PWwSSYuWm,SITE tafawakdz / Cycle / Cycle_secondaire / Annee / 2as / matiere / eng
2as,matiere,eng,30263.pdf,https://drive.google.com/uc?export=view&id=1I8EqlROGLeZ7nYhuUVOsLYuw7sqqoXK1,SITE tafawakdz / Cycle / Cycle_secondaire / Annee / 2as / matiere / eng
2as,matiere,eng,30264.pdf,https://drive.google.com/uc?export=view&id=1Q5LeYmceeOZEw-co2lwsBy3rpLwrRa_m,SITE tafawakdz / Cycle / Cycle_secondaire / Annee / 2as / matiere / eng
2as,matiere,eng,30262.pdf,https://drive.google.com/uc?export=view&id=11fl-W15Xf73ydAyqMobn-DkFL3_iCq-G,SITE tafawakdz / Cycle / Cycle_secondaire / Annee / 2as / matiere / eng
2as,matiere,eng,30261.pdf,https://drive.google.com/uc?export=view&id=1_hBh3-i9iehzJfLhIZejjeNtxVNObkH_,SITE tafawakdz / Cycle / Cycle_secondaire / Annee / 2as / matiere / eng
2as,matiere,eng,30259.pdf,https://drive.google.com/uc?export=view&id=1EGkgojpBUO1wQtTHrOmIIf6jxzxNdk8B,SITE tafawakdz / Cycle / Cycle_secondaire / Annee / 2as / matiere / eng
2as,matiere,eng,30260.pdf,https://drive.google.com/uc?export=view&id=1wn4XBRHcIcASx188DP_o13rSg50N3xoM,SITE tafawakdz / Cycle / Cycle_secondaire / Annee / 2as / matiere / eng
2as,matiere,hist,6096.pdf,https://drive.google.com/uc?export=view&id=1pB9X-BzogIq3ciLXdxojhIUOrrUG3zJa,SITE tafawakdz / Cycle / Cycle_secondaire / Annee / 2as / matiere / hist
2as,matiere,hist,6095.pdf,https://drive.google.com/uc?export=view&id=1H1L0BHGFXxEuufhrOYKQmVJAuFncvJXm,SITE tafawakdz / Cycle / Cycle_secondaire / Annee / 2as / matiere / hist
2as,matiere,hist,6094.pdf,https://drive.google.com/uc?export=view&id=1VBrlmWRTuajkD4lswIKwv8_yP5uX1lRZ,SITE tafawakdz / Cycle / Cycle_secondaire / Annee / 2as / matiere / hist
2as,matiere,hist,6093.pdf,https://drive.google.com/uc?export=view&id=1iurRXKS5WAtDSovkeBhrY-105nBhDZ-H,SITE tafawakdz / Cycle / Cycle_secondaire / Annee / 2as / matiere / hist
2as,matiere,hist,6091.pdf,https://drive.google.com/uc?export=view&id=1Jc4LjvIYmPaG41TDfpj1OiWPuovFW_vy,SITE tafawakdz / Cycle / Cycle_secondaire / Annee / 2as / matiere / hist
2as,matiere,hist,6092.pdf,https://drive.google.com/uc?export=view&id=1MStiCgFi9v9DkBl2UYyZPNESs9rBq8TY,SITE tafawakdz / Cycle / Cycle_secondaire / Annee / 2as / matiere / hist
2as,matiere,hist,6090.pdf,https://drive.google.com/uc?export=view&id=1zoEiAlFLRR0JA03Z3XMFUFez1bC5BHFu,SITE tafawakdz / Cycle / Cycle_secondaire / Annee / 2as / matiere / hist
2as,matiere,hist,6089.pdf,https://drive.google.com/uc?export=view&id=1MVHsZ_mGVNBSlkV7blDi9H4esmBU4ZBa,SITE tafawakdz / Cycle / Cycle_secondaire / Annee / 2as / matiere / hist
2as,matiere,hist,6088.pdf,https://drive.google.com/uc?export=view&id=1YEIFivMFwOkiqTh2JvxF7w6nBSm7blB7,SITE tafawakdz / Cycle / Cycle_secondaire / Annee / 2as / matiere / hist
2as,matiere,hist,6087.pdf,https://drive.google.com/uc?export=view&id=1NZnroChmmIZlTxEEq4qc866cFmo5MhJ_,SITE tafawakdz / Cycle / Cycle_secondaire / Annee / 2as / matiere / hist
2as,matiere,hist,6086.pdf,https://drive.google.com/uc?export=view&id=1g7mqISgvPSayj1gwR48UWdS6ARb9jsjO,SITE tafawakdz / Cycle / Cycle_secondaire / Annee / 2as / matiere / hist
2as,matiere,hist,6085.pdf,https://drive.google.com/uc?export=view&id=1tAwVmVPbFAu9yzJeXqK5FAYbq3xg_rao,SITE tafawakdz / Cycle / Cycle_secondaire / Annee / 2as / matiere / hist
2as,matiere,hist,6084.pdf,https://drive.google.com/uc?export=view&id=1MnCqbdBleIe55zdlX5m6QrlJlO4v1zvn,SITE tafawakdz / Cycle / Cycle_secondaire / Annee / 2as / matiere / hist
2as,matiere,hist,6083.pdf,https://drive.google.com/uc?export=view&id=182kQteXF_D-o8kKbLV7FTpNQaoV7U3yp,SITE tafawakdz / Cycle / Cycle_secondaire / Annee / 2as / matiere / hist
2as,matiere,hist,6082.pdf,https://drive.google.com/uc?export=view&id=1HI0VbRzRrDN8TYBf2gb97xoMPw_TtAKB,SITE tafawakdz / Cycle / Cycle_secondaire / Annee / 2as / matiere / hist
2as,matiere,hist,6081.pdf,https://drive.google.com/uc?export=view&id=1RQa-KcgBBy9iojjXWZwsEC89MlyCgY1v,SITE tafawakdz / Cycle / Cycle_secondaire / Annee / 2as / matiere / hist
2as,matiere,hist,6080.pdf,https://drive.google.com/uc?export=view&id=1WsHbZ58JY4fY4MKmKImyeFAw9SzJePV6,SITE tafawakdz / Cycle / Cycle_secondaire / Annee / 2as / matiere / hist
2as,matiere,hist,6079.pdf,https://drive.google.com/uc?export=view&id=109ppwpTZLy13DpVy8BnwmJRuwAqSzeOS,SITE tafawakdz / Cycle / Cycle_secondaire / Annee / 2as / matiere / hist
2as,matiere,hist,6078.pdf,https://drive.google.com/uc?export=view&id=1BLRosR4CZr_pU54E_LbZh86Kj1SAAiFj,SITE tafawakdz / Cycle / Cycle_secondaire / Annee / 2as / matiere / hist
2as,matiere,hist,6077.pdf,https://drive.google.com/uc?export=view&id=1NjisOdAVGDSe-j4PmnGwf3oSlysFQuUo,SITE tafawakdz / Cycle / Cycle_secondaire / Annee / 2as / matiere / hist
2as,matiere,hist,6076.pdf,https://drive.google.com/uc?export=view&id=1OxKetV1MuXDCibGUhYKBxGdivfvk0BrL,SITE tafawakdz / Cycle / Cycle_secondaire / Annee / 2as / matiere / hist
2as,matiere,hist,6075.pdf,https://drive.google.com/uc?export=view&id=18zls0I1plikJguL9tPKDmsiHbHyuPhm6,SITE tafawakdz / Cycle / Cycle_secondaire / Annee / 2as / matiere / hist
2as,matiere,hist,6074.pdf,https://drive.google.com/uc?export=view&id=1J5z6jZKYyOy7RiTVxVKsVIMqFucMN508,SITE tafawakdz / Cycle / Cycle_secondaire / Annee / 2as / matiere / hist
2as,matiere,hist,6073.pdf,https://drive.google.com/uc?export=view&id=1Qay_X-NvO42MEdVvbpgpjeX24yL-PeS3,SITE tafawakdz / Cycle / Cycle_secondaire / Annee / 2as / matiere / hist
2as,matiere,hist,6071.pdf,https://drive.google.com/uc?export=view&id=1FiT2qY8lpKzj2pg7hCy6itG3AYTNAN5T,SITE tafawakdz / Cycle / Cycle_secondaire / Annee / 2as / matiere / hist
2as,matiere,hist,6072.pdf,https://drive.google.com/uc?export=view&id=1qIY5o5bU0-nb6XXiQyz6UrPNaj6lllAO,SITE tafawakdz / Cycle / Cycle_secondaire / Annee / 2as / matiere / hist
2as,matiere,hist,6070.pdf,https://drive.google.com/uc?export=view&id=1dOOJ44aORFWzJw9SdIpfJLkVsWXEifKN,SITE tafawakdz / Cycle / Cycle_secondaire / Annee / 2as / matiere / hist
2as,matiere,hist,6069.pdf,https://drive.google.com/uc?export=view&id=19jCJ3lyImRV3JcDYbqsTVC34Y3zRQmjr,SITE tafawakdz / Cycle / Cycle_secondaire / Annee / 2as / matiere / hist
2as,matiere,hist,6068.pdf,https://drive.google.com/uc?export=view&id=1rIiip8uMvKe6tpyqlUgBFdvRT5jSbq3r,SITE tafawakdz / Cycle / Cycle_secondaire / Annee / 2as / matiere / hist
2as,matiere,hist,6067.pdf,https://drive.google.com/uc?export=view&id=175zn6YekgRn1w9n5e9LNLXfaqxWPTUAL,SITE tafawakdz / Cycle / Cycle_secondaire / Annee / 2as / matiere / hist
2as,matiere,hist,6066.pdf,https://drive.google.com/uc?export=view&id=1MiuidN3YUZP5Y3ZSGoMiuTa8hCq2-kUN,SITE tafawakdz / Cycle / Cycle_secondaire / Annee / 2as / matiere / hist
2as,matiere,hist,6065.pdf,https://drive.google.com/uc?export=view&id=1oArHEWKy9qW52bJLjtPplGT5lyAY6-pD,SITE tafawakdz / Cycle / Cycle_secondaire / Annee / 2as / matiere / hist
2as,matiere,hist,6064.pdf,https://drive.google.com/uc?export=view&id=1NNpKvR9RMt7RIp6QgXsEGcjZY5fuLIWY,SITE tafawakdz / Cycle / Cycle_secondaire / Annee / 2as / matiere / hist
2as,matiere,hist,6062.pdf,https://drive.google.com/uc?export=view&id=1U03noHmN6AQJQBXCRCzZA0L-am42c3Iy,SITE tafawakdz / Cycle / Cycle_secondaire / Annee / 2as / matiere / hist
2as,matiere,hist,6063.pdf,https://drive.google.com/uc?export=view&id=1vjAhypbxnsAcDGMS7CLDkNA8HaHn3On_,SITE tafawakdz / Cycle / Cycle_secondaire / Annee / 2as / matiere / hist
2as,matiere,hist,6061.pdf,https://drive.google.com/uc?export=view&id=1LszG82q6ykQtTj5p65jCiVisXmjibSqc,SITE tafawakdz / Cycle / Cycle_secondaire / Annee / 2as / matiere / hist
2as,matiere,hist,6060.pdf,https://drive.google.com/uc?export=view&id=1BKY7vDIayGPEdgaJkHnYg3gs2awMv_Mz,SITE tafawakdz / Cycle / Cycle_secondaire / Annee / 2as / matiere / hist
2as,matiere,hist,6059.pdf,https://drive.google.com/uc?export=view&id=1EDihtcxqA6KXDZXmHxEUW5yedPOdY0KJ,SITE tafawakdz / Cycle / Cycle_secondaire / Annee / 2as / matiere / hist
2as,matiere,hist,6057.pdf,https://drive.google.com/uc?export=view&id=1C6kyPpu3OIvpVYXN2RAiEbPv0DI3tLnC,SITE tafawakdz / Cycle / Cycle_secondaire / Annee / 2as / matiere / hist
2as,matiere,hist,6058.pdf,https://drive.google.com/uc?export=view&id=1MeO1cHdQn-d-IpehUlv7B5Zn6hKpBLcK,SITE tafawakdz / Cycle / Cycle_secondaire / Annee / 2as / matiere / hist
2as,matiere,hist,6056.pdf,https://drive.google.com/uc?export=view&id=1Y4M4LetVZZ-7dZOtLEe8wMDH7PASZ0Hl,SITE tafawakdz / Cycle / Cycle_secondaire / Annee / 2as / matiere / hist
2as,matiere,hist,6055.pdf,https://drive.google.com/uc?export=view&id=1aSIOtNZvvuZ66IorndNV8iYCgyYt3iIm,SITE tafawakdz / Cycle / Cycle_secondaire / Annee / 2as / matiere / hist
2as,matiere,hist,6054.pdf,https://drive.google.com/uc?export=view&id=1db5Z1xfheKLQd7fWB_MfxqLFTeSJIs_Q,SITE tafawakdz / Cycle / Cycle_secondaire / Annee / 2as / matiere / hist
2as,matiere,hist,6053.pdf,https://drive.google.com/uc?export=view&id=1p8N9mBSgQcuSv5IETHnesjQSg55YrO1H,SITE tafawakdz / Cycle / Cycle_secondaire / Annee / 2as / matiere / hist
2as,matiere,hist,6052.pdf,https://drive.google.com/uc?export=view&id=1GpenKJWhFChe70zn8P1ATNMsNlhB2cWS,SITE tafawakdz / Cycle / Cycle_secondaire / Annee / 2as / matiere / hist
2as,matiere,hist,6051.pdf,https://drive.google.com/uc?export=view&id=19iepJD97hxZUvkBL3EmkHRWsr0EH3a4_,SITE tafawakdz / Cycle / Cycle_secondaire / Annee / 2as / matiere / hist
2as,matiere,hist,6050.pdf,https://drive.google.com/uc?export=view&id=1LlZsIKDoHhc9wfqahjrf_OwEoJuG63eF,SITE tafawakdz / Cycle / Cycle_secondaire / Annee / 2as / matiere / hist
2as,matiere,hist,6049.pdf,https://drive.google.com/uc?export=view&id=1ugfcxVYmvx6uW3PUaH1h4lv8xCKTRbwX,SITE tafawakdz / Cycle / Cycle_secondaire / Annee / 2as / matiere / hist
2as,matiere,hist,6048.pdf,https://drive.google.com/uc?export=view&id=1nisz_I1RqrXNIY8uFtS5QRd4R2fhZdzJ,SITE tafawakdz / Cycle / Cycle_secondaire / Annee / 2as / matiere / hist
2as,matiere,hist,6046.pdf,https://drive.google.com/uc?export=view&id=19lzy_Txpx0rgL7C3H-zP8m8mndvJ0AC-,SITE tafawakdz / Cycle / Cycle_secondaire / Annee / 2as / matiere / hist
2as,matiere,hist,6047.pdf,https://drive.google.com/uc?export=view&id=1RPUZ4a4zsdS45Rxout2T6r5oQlRqtV01,SITE tafawakdz / Cycle / Cycle_secondaire / Annee / 2as / matiere / hist
2as,matiere,hist,6044.pdf,https://drive.google.com/uc?export=view&id=1CEgReolIeq-4k_gtO4pIUpER2hkJImiG,SITE tafawakdz / Cycle / Cycle_secondaire / Annee / 2as / matiere / hist
2as,matiere,hist,6045.pdf,https://drive.google.com/uc?export=view&id=1h0IUIExzEklRXyVc5odkb-wMtLtj9nU3,SITE tafawakdz / Cycle / Cycle_secondaire / Annee / 2as / matiere / hist
2as,matiere,hist,6043.pdf,https://drive.google.com/uc?export=view&id=1rZPKerqGziVIpB50Medk93mSeD_ho6TS,SITE tafawakdz / Cycle / Cycle_secondaire / Annee / 2as / matiere / hist
2as,matiere,hist,6042.pdf,https://drive.google.com/uc?export=view&id=18LHZwv_kJkuPBbstzAyg81gFA0hP-bBN,SITE tafawakdz / Cycle / Cycle_secondaire / Annee / 2as / matiere / hist
2as,matiere,hist,6041.pdf,https://drive.google.com/uc?export=view&id=1vjhqeQzYOtzYcwvjdZEVT0_Cb3MYg1L4,SITE tafawakdz / Cycle / Cycle_secondaire / Annee / 2as / matiere / hist
2as,matiere,hist,6040.pdf,https://drive.google.com/uc?export=view&id=1JTwVTMf8n5Nr8PQ2yjJDtf_63Dpt4SQy,SITE tafawakdz / Cycle / Cycle_secondaire / Annee / 2as / matiere / hist
2as,matiere,hist,6039.pdf,https://drive.google.com/uc?export=view&id=1NLMgtU7ruU9bsvgfpjbJN7uyKPOxRYW6,SITE tafawakdz / Cycle / Cycle_secondaire / Annee / 2as / matiere / hist
2as,matiere,hist,6038.pdf,https://drive.google.com/uc?export=view&id=1gkZuSQ2AoXKXGS96JmDH5xesBSfqXzu6,SITE tafawakdz / Cycle / Cycle_secondaire / Annee / 2as / matiere / hist
2as,matiere,hist,6037.pdf,https://drive.google.com/uc?export=view&id=1cAXY7Kms3ojlNwyxG8Oq1UKha9rKZGkY,SITE tafawakdz / Cycle / Cycle_secondaire / Annee / 2as / matiere / hist
2as,matiere,hist,6036.pdf,https://drive.google.com/uc?export=view&id=1-YUZS624OBItNxnBA5WYRrhKzptrDgw5,SITE tafawakdz / Cycle / Cycle_secondaire / Annee / 2as / matiere / hist
2as,matiere,hist,6035.pdf,https://drive.google.com/uc?export=view&id=1-HFAXoGY29HjV1S2G3TYmhOZ5JcbW4Et,SITE tafawakdz / Cycle / Cycle_secondaire / Annee / 2as / matiere / hist
2as,matiere,hist,6034.pdf,https://drive.google.com/uc?export=view&id=14VgzZw-QoaOLt1zA_mYn650JdgeThS8P,SITE tafawakdz / Cycle / Cycle_secondaire / Annee / 2as / matiere / hist
2as,matiere,hist,6033.pdf,https://drive.google.com/uc?export=view&id=1uE7q4jGgwa-OKPnzRoJQczAQMmoYRN1w,SITE tafawakdz / Cycle / Cycle_secondaire / Annee / 2as / matiere / hist
2as,matiere,hist,6032.pdf,https://drive.google.com/uc?export=view&id=1OgRJHpMy1bboTOMA6sH38fZQ5iGDRmWM,SITE tafawakdz / Cycle / Cycle_secondaire / Annee / 2as / matiere / hist
2as,matiere,hist,6031.pdf,https://drive.google.com/uc?export=view&id=10HWO9-3LAbxAPDyAoN7gBj9T_pGvASHV,SITE tafawakdz / Cycle / Cycle_secondaire / Annee / 2as / matiere / hist
2as,matiere,hist,6030.pdf,https://drive.google.com/uc?export=view&id=11P0ZF0eQh9vFQZx9HLkNuFsHAq6XbLvl,SITE tafawakdz / Cycle / Cycle_secondaire / Annee / 2as / matiere / hist
2as,matiere,hist,6029.pdf,https://drive.google.com/uc?export=view&id=1rBnOZQ0zIgis8n5FABu580oX8ymn-knT,SITE tafawakdz / Cycle / Cycle_secondaire / Annee / 2as / matiere / hist
2as,matiere,hist,6028.pdf,https://drive.google.com/uc?export=view&id=1sH0QriZv7gWVd1nAaIP-xppyvnzGT50w,SITE tafawakdz / Cycle / Cycle_secondaire / Annee / 2as / matiere / hist
2as,matiere,hist,6027.pdf,https://drive.google.com/uc?export=view&id=1sHGYUW2M01Q2uRA3fns01acaDJt8Da_e,SITE tafawakdz / Cycle / Cycle_secondaire / Annee / 2as / matiere / hist
2as,matiere,hist,6026.pdf,https://drive.google.com/uc?export=view&id=1g_s2V4PDIBKxFXJihyA2KIIRyHndX3f_,SITE tafawakdz / Cycle / Cycle_secondaire / Annee / 2as / matiere / hist
2as,matiere,hist,30496.pdf,https://drive.google.com/uc?export=view&id=15cURaRXivxugeVyttmqmTarKG53bdUK_,SITE tafawakdz / Cycle / Cycle_secondaire / Annee / 2as / matiere / hist
2as,matiere,hist,30495.pdf,https://drive.google.com/uc?export=view&id=1vGUAGJ7NAtFnJoAaTYYbjg27fJOmAp7M,SITE tafawakdz / Cycle / Cycle_secondaire / Annee / 2as / matiere / hist
2as,matiere,hist,30494.pdf,https://drive.google.com/uc?export=view&id=1EgF73UABEa4lb66qeXSZyHdQg4B7oioI,SITE tafawakdz / Cycle / Cycle_secondaire / Annee / 2as / matiere / hist
2as,matiere,hist,30493.pdf,https://drive.google.com/uc?export=view&id=1b_gdQDKhQRGqMqHcqk68a56-39aeHjSy,SITE tafawakdz / Cycle / Cycle_secondaire / Annee / 2as / matiere / hist
2as,matiere,hist,30492.pdf,https://drive.google.com/uc?export=view&id=1la3O5_kLePVJQb2XdbjIBt4PiLmMb6-a,SITE tafawakdz / Cycle / Cycle_secondaire / Annee / 2as / matiere / hist
2as,matiere,hist,30491.pdf,https://drive.google.com/uc?export=view&id=1kDsSwrnE_wGrQxn3SLY_K9Cd16rGz-6L,SITE tafawakdz / Cycle / Cycle_secondaire / Annee / 2as / matiere / hist
2as,matiere,hist,30490.pdf,https://drive.google.com/uc?export=view&id=1o82C-aarHoDdDg7_3mqskCurHK7VMJOT,SITE tafawakdz / Cycle / Cycle_secondaire / Annee / 2as / matiere / hist
2as,matiere,hist,30489.pdf,https://drive.google.com/uc?export=view&id=17NDnFpJP9v-iQbzWMVjUYBO510L0f0E3,SITE tafawakdz / Cycle / Cycle_secondaire / Annee / 2as / matiere / hist
2as,matiere,hist,30488.pdf,https://drive.google.com/uc?export=view&id=12wRRBn_Lz98Rio0tavozikslDLCPWTdc,SITE tafawakdz / Cycle / Cycle_secondaire / Annee / 2as / matiere / hist
2as,matiere,hist,30487.pdf,https://drive.google.com/uc?export=view&id=1prD9tI0JNJmRMpcUkvrtF5Ukl5ZNRdxe,SITE tafawakdz / Cycle / Cycle_secondaire / Annee / 2as / matiere / hist
2as,matiere,hist,30486.pdf,https://drive.google.com/uc?export=view&id=1WGFLPEGRwQoLsUkz8fYST6-akRn2EaPc,SITE tafawakdz / Cycle / Cycle_secondaire / Annee / 2as / matiere / hist
2as,matiere,hist,30485.pdf,https://drive.google.com/uc?export=view&id=1ffKTUvheFdCgrx2Kx7PoC8gAXFNs_GeX,SITE tafawakdz / Cycle / Cycle_secondaire / Annee / 2as / matiere / hist
2as,matiere,hist,30484.pdf,https://drive.google.com/uc?export=view&id=1g_mNGAXigmwVZmxtIBRZ0bYEWjgTJ9Un,SITE tafawakdz / Cycle / Cycle_secondaire / Annee / 2as / matiere / hist
2as,matiere,hist,30482.pdf,https://drive.google.com/uc?export=view&id=1VA4Uz4UVwvUTAXL8_Rww0CjOh2QKJ6yZ,SITE tafawakdz / Cycle / Cycle_secondaire / Annee / 2as / matiere / hist
2as,matiere,hist,30483.pdf,https://drive.google.com/uc?export=view&id=1Ww0iEEAa4OjzGWwWxXZMtVfmgmDO7ajO,SITE tafawakdz / Cycle / Cycle_secondaire / Annee / 2as / matiere / hist
2as,matiere,hist,30481.pdf,https://drive.google.com/uc?export=view&id=1A2Y-wMflGctjZZm2r-cLPRZmO6y0XV5l,SITE tafawakdz / Cycle / Cycle_secondaire / Annee / 2as / matiere / hist
2as,matiere,hist,30480.pdf,https://drive.google.com/uc?export=view&id=1--6VP-wmgpaZ8sqWdrFTXO6QSgRpx1tt,SITE tafawakdz / Cycle / Cycle_secondaire / Annee / 2as / matiere / hist
2as,matiere,hist,30479.pdf,https://drive.google.com/uc?export=view&id=1qSR7DfXNlewMFqMDv6S9p2sEEV0Hud2b,SITE tafawakdz / Cycle / Cycle_secondaire / Annee / 2as / matiere / hist
2as,matiere,hist,30478.pdf,https://drive.google.com/uc?export=view&id=10SK6_DcL7F6mbTpq5Kihuoz1YMyQrw3j,SITE tafawakdz / Cycle / Cycle_secondaire / Annee / 2as / matiere / hist
2as,matiere,hist,30477.pdf,https://drive.google.com/uc?export=view&id=1vfG60EHStOEcYybIly3qr_Jn7IC0NvZC,SITE tafawakdz / Cycle / Cycle_secondaire / Annee / 2as / matiere / hist
2as,matiere,hist,30476.pdf,https://drive.google.com/uc?export=view&id=1RiuikdnQED1m3zX8N8PVuktoR9WMaj0-,SITE tafawakdz / Cycle / Cycle_secondaire / Annee / 2as / matiere / hist
2as,matiere,hist,30474.pdf,https://drive.google.com/uc?export=view&id=1TqCTkGNBrDUhc-FxxUWuqULPTIMKi9Pz,SITE tafawakdz / Cycle / Cycle_secondaire / Annee / 2as / matiere / hist
2as,matiere,hist,30475.pdf,https://drive.google.com/uc?export=view&id=1i7xibcNyshy3SFEgLU_X_KfincoCA0wg,SITE tafawakdz / Cycle / Cycle_secondaire / Annee / 2as / matiere / hist
2as,matiere,hist,30473.pdf,https://drive.google.com/uc?export=view&id=1hA57WnMupJGSvVC2phMxg4WR15DehJg0,SITE tafawakdz / Cycle / Cycle_secondaire / Annee / 2as / matiere / hist
2as,matiere,hist,30472.pdf,https://drive.google.com/uc?export=view&id=154e7wBDwIfCLmEgUbe9TIlhxL8psP44O,SITE tafawakdz / Cycle / Cycle_secondaire / Annee / 2as / matiere / hist
2as,matiere,hist,30471.pdf,https://drive.google.com/uc?export=view&id=1cUQLzcV7846B99uc07yCMPQ2Im2k_9FK,SITE tafawakdz / Cycle / Cycle_secondaire / Annee / 2as / matiere / hist
2as,matiere,hist,30470.pdf,https://drive.google.com/uc?export=view&id=1cndY38fuU0elhvF_U8YZNwMk4lqbWQRf,SITE tafawakdz / Cycle / Cycle_secondaire / Annee / 2as / matiere / hist
2as,matiere,hist,30469.pdf,https://drive.google.com/uc?export=view&id=1Q3br14Btsmo21rbbRHc51JFakFb8H7dC,SITE tafawakdz / Cycle / Cycle_secondaire / Annee / 2as / matiere / hist
2as,matiere,hist,30468.pdf,https://drive.google.com/uc?export=view&id=1qCfPbHSN8unzPKK6S4IBxK6s92WsCvkH,SITE tafawakdz / Cycle / Cycle_secondaire / Annee / 2as / matiere / hist
2as,matiere,fr,5336.pdf,https://drive.google.com/uc?export=view&id=1Dj3DPfPwdHK5tiUTiAmEGPIIwHa1owW-,SITE tafawakdz / Cycle / Cycle_secondaire / Annee / 2as / matiere / fr
2as,matiere,fr,5334.pdf,https://drive.google.com/uc?export=view&id=1UzkYyNkzfrEM1v0-paQLcFJtLI3oy4_H,SITE tafawakdz / Cycle / Cycle_secondaire / Annee / 2as / matiere / fr
2as,matiere,fr,5335.pdf,https://drive.google.com/uc?export=view&id=1pJwR2FeJ2G-B23y_s9AxAjcgkuA5dZpn,SITE tafawakdz / Cycle / Cycle_secondaire / Annee / 2as / matiere / fr
2as,matiere,fr,5333.pdf,https://drive.google.com/uc?export=view&id=1HPlwifkBo0KUOnXeuQ9HQPIOyNzWONsS,SITE tafawakdz / Cycle / Cycle_secondaire / Annee / 2as / matiere / fr
2as,matiere,fr,5331.pdf,https://drive.google.com/uc?export=view&id=1p6CQLhsuocNXyqjDcwidwIoflLLLjuNv,SITE tafawakdz / Cycle / Cycle_secondaire / Annee / 2as / matiere / fr
2as,matiere,fr,5332.pdf,https://drive.google.com/uc?export=view&id=1rQ0MTT778K_tjih7RLYCsCZCHatIHtzY,SITE tafawakdz / Cycle / Cycle_secondaire / Annee / 2as / matiere / fr
2as,matiere,fr,5330.pdf,https://drive.google.com/uc?export=view&id=1h7cIVmAPTdEew2R6XTyYt6S-0wxYFnU8,SITE tafawakdz / Cycle / Cycle_secondaire / Annee / 2as / matiere / fr
2as,matiere,fr,5329.pdf,https://drive.google.com/uc?export=view&id=1GiMcXEk4_GtdxHKv0VMA-CE-KJF-9smo,SITE tafawakdz / Cycle / Cycle_secondaire / Annee / 2as / matiere / fr
2as,matiere,fr,5328.pdf,https://drive.google.com/uc?export=view&id=1ImZzND4EvFmTeafZYWFXCFfhO42PF-GA,SITE tafawakdz / Cycle / Cycle_secondaire / Annee / 2as / matiere / fr
2as,matiere,fr,5327.pdf,https://drive.google.com/uc?export=view&id=1QveLDsW_wxuNSbKglfYmNYRrhLXVWXRF,SITE tafawakdz / Cycle / Cycle_secondaire / Annee / 2as / matiere / fr
2as,matiere,fr,5326.pdf,https://drive.google.com/uc?export=view&id=1ThH2ldjvdfRljBosikSu4RbikkjuX5z0,SITE tafawakdz / Cycle / Cycle_secondaire / Annee / 2as / matiere / fr
2as,matiere,fr,5324.pdf,https://drive.google.com/uc?export=view&id=1cvlnl26yZt9xgiVitY2obTSHmYqxcRK6,SITE tafawakdz / Cycle / Cycle_secondaire / Annee / 2as / matiere / fr
2as,matiere,fr,5325.pdf,https://drive.google.com/uc?export=view&id=1iglZrhOd8m6U1BuBxesf2bN7-xpVjXLD,SITE tafawakdz / Cycle / Cycle_secondaire / Annee / 2as / matiere / fr
2as,matiere,fr,5323.pdf,https://drive.google.com/uc?export=view&id=1XXGRBEDjclYVf9QpN2aicLoEn01uatiy,SITE tafawakdz / Cycle / Cycle_secondaire / Annee / 2as / matiere / fr
2as,matiere,fr,30381.pdf,https://drive.google.com/uc?export=view&id=1FtNQ7viX8ZwwTHCKitNptCtvWdpLuPUZ,SITE tafawakdz / Cycle / Cycle_secondaire / Annee / 2as / matiere / fr
2as,matiere,fr,5322.pdf,https://drive.google.com/uc?export=view&id=1cYJTZYNRDH-dluGtkZCp0KwXD62mWTl4,SITE tafawakdz / Cycle / Cycle_secondaire / Annee / 2as / matiere / fr
2as,matiere,fr,30380.pdf,https://drive.google.com/uc?export=view&id=1y8zzZGtjjIN4dDX4aHQRAKAzDsfnR4gX,SITE tafawakdz / Cycle / Cycle_secondaire / Annee / 2as / matiere / fr
2as,matiere,fr,30379.pdf,https://drive.google.com/uc?export=view&id=1dfRm-HJer6NDg-LXo_BonquPJjDpe-0n,SITE tafawakdz / Cycle / Cycle_secondaire / Annee / 2as / matiere / fr
2as,matiere,fr,30378.pdf,https://drive.google.com/uc?export=view&id=1lbTRz8dkZqJ-ZeT07foTwbkOKLKZXQyK,SITE tafawakdz / Cycle / Cycle_secondaire / Annee / 2as / matiere / fr
2as,matiere,fr,30376.pdf,https://drive.google.com/uc?export=view&id=11sDiAUG988dSBLZmZ0nsOZy2aQKJkxY0,SITE tafawakdz / Cycle / Cycle_secondaire / Annee / 2as / matiere / fr
2as,matiere,fr,30377.pdf,https://drive.google.com/uc?export=view&id=1OQbkt9wog4SS59mTNtWaJiII4APzsH-k,SITE tafawakdz / Cycle / Cycle_secondaire / Annee / 2as / matiere / fr
2as,matiere,fr,30375.pdf,https://drive.google.com/uc?export=view&id=1hVMDT_ADjbDd2MQiKxaIUcm3rIaBbfHJ,SITE tafawakdz / Cycle / Cycle_secondaire / Annee / 2as / matiere / fr
2as,matiere,fr,30373.pdf,https://drive.google.com/uc?export=view&id=1LP-5mDlTemQicnpfiWzC3jf5JWV34odX,SITE tafawakdz / Cycle / Cycle_secondaire / Annee / 2as / matiere / fr
2as,matiere,fr,30374.pdf,https://drive.google.com/uc?export=view&id=1bB5eW4k5iybXRNi-b_Lk6npddZHFGfgL,SITE tafawakdz / Cycle / Cycle_secondaire / Annee / 2as / matiere / fr
2as,matiere,fr,30372.pdf,https://drive.google.com/uc?export=view&id=1RcWDsag1fP0Ez0ZDpuuASimtWYCy0DNs,SITE tafawakdz / Cycle / Cycle_secondaire / Annee / 2as / matiere / fr
2as,matiere,fr,30371.pdf,https://drive.google.com/uc?export=view&id=1Zxl2pglhCqQs4-vZQ-tf-JcLC2ydAXDG,SITE tafawakdz / Cycle / Cycle_secondaire / Annee / 2as / matiere / fr
2as,matiere,fr,30370.pdf,https://drive.google.com/uc?export=view&id=1yCP_AhvVEvNlF89xc-wQuiRxppoLZIeh,SITE tafawakdz / Cycle / Cycle_secondaire / Annee / 2as / matiere / fr
2as,matiere,fr,30369.pdf,https://drive.google.com/uc?export=view&id=16j-8L0NbTVfWyxdEWCU6y13ozOpsTzBF,SITE tafawakdz / Cycle / Cycle_secondaire / Annee / 2as / matiere / fr
2as,matiere,fr,30368.pdf,https://drive.google.com/uc?export=view&id=1G_TNiF0E1g6SrBhMqUAtudpUIHfifo4G,SITE tafawakdz / Cycle / Cycle_secondaire / Annee / 2as / matiere / fr
2as,matiere,fr,30367.pdf,https://drive.google.com/uc?export=view&id=10RerK3Ic95c4DPUBl9pp975OTy4b0KIm,SITE tafawakdz / Cycle / Cycle_secondaire / Annee / 2as / matiere / fr
2as,matiere,fr,30365.pdf,https://drive.google.com/uc?export=view&id=1YqSKO_eLEAgWKy_edRv2sw8fFN6Fv4I_,SITE tafawakdz / Cycle / Cycle_secondaire / Annee / 2as / matiere / fr
2as,matiere,fr,30366.pdf,https://drive.google.com/uc?export=view&id=1xwmXwOiE1GsgTJ3QkiF9w87xtmNGcTTt,SITE tafawakdz / Cycle / Cycle_secondaire / Annee / 2as / matiere / fr
2as,matiere,fr,30364.pdf,https://drive.google.com/uc?export=view&id=1MenvYdLqPHxLSKPqAgczI0K12bHB7PzE,SITE tafawakdz / Cycle / Cycle_secondaire / Annee / 2as / matiere / fr
2as,matiere,fr,30362.pdf,https://drive.google.com/uc?export=view&id=1DMtENrEZl_-b-tUhhetIKqrC9EYPeh3F,SITE tafawakdz / Cycle / Cycle_secondaire / Annee / 2as / matiere / fr
2as,matiere,fr,30363.pdf,https://drive.google.com/uc?export=view&id=1eExkoDU0cM0KkI-uWatDaD00_-_gCYEI,SITE tafawakdz / Cycle / Cycle_secondaire / Annee / 2as / matiere / fr
2as,matiere,fr,30361.pdf,https://drive.google.com/uc?export=view&id=1Hlf4gz4MhY95oYjghtzY92oA7z3s2qhr,SITE tafawakdz / Cycle / Cycle_secondaire / Annee / 2as / matiere / fr
2as,matiere,fr,30360.pdf,https://drive.google.com/uc?export=view&id=1-6sMW2RYdhTfy1CAlnwzYQ6Vy_8tdZ5X,SITE tafawakdz / Cycle / Cycle_secondaire / Annee / 2as / matiere / fr
2as,matiere,fr,30359.pdf,https://drive.google.com/uc?export=view&id=1FhuWHechz4doAUpOF6hradUlN6AEJ2tY,SITE tafawakdz / Cycle / Cycle_secondaire / Annee / 2as / matiere / fr
2as,matiere,fr,30357.pdf,https://drive.google.com/uc?export=view&id=1rYM64LDoftFvOPTCHc0-bDEWYf0e9smQ,SITE tafawakdz / Cycle / Cycle_secondaire / Annee / 2as / matiere / fr
2as,matiere,fr,30358.pdf,https://drive.google.com/uc?export=view&id=1tW2QDAbTVn3PFy3C62vNgYet3b-SlGB5,SITE tafawakdz / Cycle / Cycle_secondaire / Annee / 2as / matiere / fr
2as,matiere,fr,30356.pdf,https://drive.google.com/uc?export=view&id=1Z_w0AoCHZonSRooTwYgZOwYKl6K_j5Hs,SITE tafawakdz / Cycle / Cycle_secondaire / Annee / 2as / matiere / fr
2as,matiere,fr,30355.pdf,https://drive.google.com/uc?export=view&id=1dWL1kxm9k9HjYUoHSjFlBZw_hL0n-xBT,SITE tafawakdz / Cycle / Cycle_secondaire / Annee / 2as / matiere / fr
2as,matiere,fr,30354.pdf,https://drive.google.com/uc?export=view&id=1h6yGk4Lz1dksoMRI_MP5apzd_eeijdro,SITE tafawakdz / Cycle / Cycle_secondaire / Annee / 2as / matiere / fr
2as,matiere,fr,30353.pdf,https://drive.google.com/uc?export=view&id=1RDG4_pAZWT--9Iu1lLjUvvHqa2fpx1XA,SITE tafawakdz / Cycle / Cycle_secondaire / Annee / 2as / matiere / fr
2as,matiere,fr,30352.pdf,https://drive.google.com/uc?export=view&id=1vb1AGWWX1Ch2OXpvvv8ISFbcJomg5iCg,SITE tafawakdz / Cycle / Cycle_secondaire / Annee / 2as / matiere / fr
2as,matiere,fr,30351.pdf,https://drive.google.com/uc?export=view&id=1x83jaHSMexXsuA_9fpIiFAYrpDGdBg8V,SITE tafawakdz / Cycle / Cycle_secondaire / Annee / 2as / matiere / fr
2as,matiere,fr,30350.pdf,https://drive.google.com/uc?export=view&id=1ppsAU4TMJtx9xuH1UhOm1A8_ZrSX4Z0I,SITE tafawakdz / Cycle / Cycle_secondaire / Annee / 2as / matiere / fr
2as,matiere,fr,30349.pdf,https://drive.google.com/uc?export=view&id=1_0FbXJRjorv-1RkLqNCAV-RuiyZOjrk_,SITE tafawakdz / Cycle / Cycle_secondaire / Annee / 2as / matiere / fr
2as,matiere,fr,30348.pdf,https://drive.google.com/uc?export=view&id=1rLK0QK7pMuWgJ_lGY2oPIsxfyz0Nn4_J,SITE tafawakdz / Cycle / Cycle_secondaire / Annee / 2as / matiere / fr
2as,matiere,fr,30347.pdf,https://drive.google.com/uc?export=view&id=10xHsytu8EVLuC4QEfv9yhKI8mg2NP0DN,SITE tafawakdz / Cycle / Cycle_secondaire / Annee / 2as / matiere / fr
2as,matiere,fr,30346.pdf,https://drive.google.com/uc?export=view&id=16MrmNTgLhXXpbFgyl4yY4i5CWR754jJK,SITE tafawakdz / Cycle / Cycle_secondaire / Annee / 2as / matiere / fr
2as,matiere,fr,30345.pdf,https://drive.google.com/uc?export=view&id=11l3mcRmMwLURWYtx-63bgAZQoArcU-Tr,SITE tafawakdz / Cycle / Cycle_secondaire / Annee / 2as / matiere / fr
2as,matiere,fr,30344.pdf,https://drive.google.com/uc?export=view&id=1hRpFag8cdyXQMhCyoQzxwNqOXKbEWLmS,SITE tafawakdz / Cycle / Cycle_secondaire / Annee / 2as / matiere / fr
2as,matiere,fr,30343.pdf,https://drive.google.com/uc?export=view&id=11LfpT5Dpt5BLzL3REwl2nYESoiw4GZf6,SITE tafawakdz / Cycle / Cycle_secondaire / Annee / 2as / matiere / fr
2as,matiere,fr,30342.pdf,https://drive.google.com/uc?export=view&id=1PKA_6IQzPKxPXvnv-jhRHzaJSNSYTf5y,SITE tafawakdz / Cycle / Cycle_secondaire / Annee / 2as / matiere / fr
2as,matiere,fr,30341.pdf,https://drive.google.com/uc?export=view&id=1HTaX_ASmxrTjf2AMWdZFlIbWSHAoZP9A,SITE tafawakdz / Cycle / Cycle_secondaire / Annee / 2as / matiere / fr
2as,matiere,fr,30339.pdf,https://drive.google.com/uc?export=view&id=1QpAgtct7zbE-pnqrNIsSeD07SPDS484n,SITE tafawakdz / Cycle / Cycle_secondaire / Annee / 2as / matiere / fr
2as,matiere,fr,30340.pdf,https://drive.google.com/uc?export=view&id=1uxxTeR7WAK8NWibMnU193tJgwi5G6Ix3,SITE tafawakdz / Cycle / Cycle_secondaire / Annee / 2as / matiere / fr
2as,matiere,fr,30338.pdf,https://drive.google.com/uc?export=view&id=1fuuXwPCrxnqmkIPKheFSciR-ZR8FlN0-,SITE tafawakdz / Cycle / Cycle_secondaire / Annee / 2as / matiere / fr
2as,matiere,fr,30336.pdf,https://drive.google.com/uc?export=view&id=17bZF6ifWoSS7VIV4Q4TEiCCDuUjFVuKN,SITE tafawakdz / Cycle / Cycle_secondaire / Annee / 2as / matiere / fr
2as,matiere,fr,30337.pdf,https://drive.google.com/uc?export=view&id=1j3JaawLry7auZAgggilXklBstlaec1bU,SITE tafawakdz / Cycle / Cycle_secondaire / Annee / 2as / matiere / fr
2as,matiere,fr,30335.pdf,https://drive.google.com/uc?export=view&id=1Xrp-skl0sNXMu-nYYqqHn4fIQtiKBff8,SITE tafawakdz / Cycle / Cycle_secondaire / Annee / 2as / matiere / fr
2as,matiere,fr,30334.pdf,https://drive.google.com/uc?export=view&id=13vC_LlKnSlkQ6Xz4ZxFM4s17F8eZWdJt,SITE tafawakdz / Cycle / Cycle_secondaire / Annee / 2as / matiere / fr
2as,matiere,fr,30333.pdf,https://drive.google.com/uc?export=view&id=1rEGU4kFQOHtwCXfPez2aucGOsCHWn8ur,SITE tafawakdz / Cycle / Cycle_secondaire / Annee / 2as / matiere / fr
2as,matiere,fr,30332.pdf,https://drive.google.com/uc?export=view&id=1yh5tCFT7_TEqBUWsNCIseQ9Ro_I_1zRP,SITE tafawakdz / Cycle / Cycle_secondaire / Annee / 2as / matiere / fr
2as,matiere,fr,30331.pdf,https://drive.google.com/uc?export=view&id=1SYpv-D8kPP8X6amkjVZzvdtUaOWtqEtH,SITE tafawakdz / Cycle / Cycle_secondaire / Annee / 2as / matiere / fr
2as,matiere,fr,30330.pdf,https://drive.google.com/uc?export=view&id=1YKgPyL5H_RfeksZPkrPJhbCbXB2jZot3,SITE tafawakdz / Cycle / Cycle_secondaire / Annee / 2as / matiere / fr
2as,matiere,fr,30329.pdf,https://drive.google.com/uc?export=view&id=1pKYAYjkttYgyJRjL61In3MY50XJP2Z6S,SITE tafawakdz / Cycle / Cycle_secondaire / Annee / 2as / matiere / fr
2as,matiere,fr,30327.pdf,https://drive.google.com/uc?export=view&id=1IV6zIqOCOkwkXEMulXKaFS0zcLXzlMro,SITE tafawakdz / Cycle / Cycle_secondaire / Annee / 2as / matiere / fr
2as,matiere,fr,30328.pdf,https://drive.google.com/uc?export=view&id=1h_v2T3ndcAJnW9SVD4IdidDg15P6zVqK,SITE tafawakdz / Cycle / Cycle_secondaire / Annee / 2as / matiere / fr
2as,matiere,fr,30326.pdf,https://drive.google.com/uc?export=view&id=1QDADJuOFW7AIL1i5PkrDjmftWyI-Ee-3,SITE tafawakdz / Cycle / Cycle_secondaire / Annee / 2as / matiere / fr
2as,matiere,fr,30324.pdf,https://drive.google.com/uc?export=view&id=10czEKget-scV1CJbtqm-BqGtNwQEYint,SITE tafawakdz / Cycle / Cycle_secondaire / Annee / 2as / matiere / fr
2as,matiere,fr,30325.pdf,https://drive.google.com/uc?export=view&id=11TH5ZqJNy__9MpwS_-CZnqWaRID4tL6v,SITE tafawakdz / Cycle / Cycle_secondaire / Annee / 2as / matiere / fr
2as,matiere,fr,30323.pdf,https://drive.google.com/uc?export=view&id=1C_Y6xHGRXrKn1qrUuvTkbNs6jMM1_ZLO,SITE tafawakdz / Cycle / Cycle_secondaire / Annee / 2as / matiere / fr
2as,matiere,fr,30321.pdf,https://drive.google.com/uc?export=view&id=1BYXsD_FoQ07q02QANtHLup6JKcANFtfz,SITE tafawakdz / Cycle / Cycle_secondaire / Annee / 2as / matiere / fr
2as,matiere,fr,30322.pdf,https://drive.google.com/uc?export=view&id=1tWyql9srhVCpmuEZZpk2U04Zste5rWhV,SITE tafawakdz / Cycle / Cycle_secondaire / Annee / 2as / matiere / fr
2as,matiere,fr,30320.pdf,https://drive.google.com/uc?export=view&id=1U2i4yiklO5mirHBrgIdAS2PZNxVY7Rw1,SITE tafawakdz / Cycle / Cycle_secondaire / Annee / 2as / matiere / fr
2as,matiere,fr,30319.pdf,https://drive.google.com/uc?export=view&id=1BEU8oUtFhWItNF_meFNuO0cMx-YZSo0i,SITE tafawakdz / Cycle / Cycle_secondaire / Annee / 2as / matiere / fr
2as,matiere,fr,30318.pdf,https://drive.google.com/uc?export=view&id=1cB6L0ezFLjlcletJDwjAaRacxXpNNw1t,SITE tafawakdz / Cycle / Cycle_secondaire / Annee / 2as / matiere / fr
2as,matiere,fr,30317.pdf,https://drive.google.com/uc?export=view&id=1VcINHz-zo5bhs_qaX-JZhqfy2ISN4vYU,SITE tafawakdz / Cycle / Cycle_secondaire / Annee / 2as / matiere / fr
2as,matiere,fr,30315.pdf,https://drive.google.com/uc?export=view&id=1LPzQJvunPaEe7V54guKagPpIPMJ_rMTg,SITE tafawakdz / Cycle / Cycle_secondaire / Annee / 2as / matiere / fr
2as,matiere,fr,30316.pdf,https://drive.google.com/uc?export=view&id=1LWZhgDr-ukJLx1bUbMwdRwbIxCLY2T_L,SITE tafawakdz / Cycle / Cycle_secondaire / Annee / 2as / matiere / fr
2as,matiere,fr,30314.pdf,https://drive.google.com/uc?export=view&id=1eBIlm-qg8IjRXw-5EPrsoVzE-rfDeZ4s,SITE tafawakdz / Cycle / Cycle_secondaire / Annee / 2as / matiere / fr
2as,matiere,fr,30312.pdf,https://drive.google.com/uc?export=view&id=1Z8X9U6QMgUEJ1WxIdTvdmGG16ggjKQIg,SITE tafawakdz / Cycle / Cycle_secondaire / Annee / 2as / matiere / fr
2as,matiere,fr,30313.pdf,https://drive.google.com/uc?export=view&id=1z4Keoz5nXg6W1VTENzsSRt2FqacHQZBZ,SITE tafawakdz / Cycle / Cycle_secondaire / Annee / 2as / matiere / fr
2as,matiere,fr,30311.pdf,https://drive.google.com/uc?export=view&id=1oLO6iUoV4ZwSMlejzlg3hsA8LQ1Id4if,SITE tafawakdz / Cycle / Cycle_secondaire / Annee / 2as / matiere / fr
2as,matiere,fr,30310.pdf,https://drive.google.com/uc?export=view&id=15ON3oG0yx9g2DXceGW-lprQmtdVrSDxX,SITE tafawakdz / Cycle / Cycle_secondaire / Annee / 2as / matiere / fr
2as,matiere,fr,30309.pdf,https://drive.google.com/uc?export=view&id=1gMxu1DbuSfOHkrMYtUPVdenEXqWG6OHG,SITE tafawakdz / Cycle / Cycle_secondaire / Annee / 2as / matiere / fr
2as,matiere,fr,30308.pdf,https://drive.google.com/uc?export=view&id=1u6zW_J4iuL4I8MKbG_jGU0iW3h36R9V2,SITE tafawakdz / Cycle / Cycle_secondaire / Annee / 2as / matiere / fr
2as,matiere,fr,30307.pdf,https://drive.google.com/uc?export=view&id=1vr7gXzJzkjXs4_Xs97YDyeL-TCrzV3nj,SITE tafawakdz / Cycle / Cycle_secondaire / Annee / 2as / matiere / fr
2as,matiere,fr,30306.pdf,https://drive.google.com/uc?export=view&id=1afOD0qRoNyE7LScTISZnCM_KTSIfRKtP,SITE tafawakdz / Cycle / Cycle_secondaire / Annee / 2as / matiere / fr
2as,matiere,fr,30305.pdf,https://drive.google.com/uc?export=view&id=1nt49FiYIU7NCDUBcx1KzzDR8MMP_uxh5,SITE tafawakdz / Cycle / Cycle_secondaire / Annee / 2as / matiere / fr
2as,matiere,fr,30304.pdf,https://drive.google.com/uc?export=view&id=11jQLXLMFcESbX4EuxXco3FZlJaaBpNqi,SITE tafawakdz / Cycle / Cycle_secondaire / Annee / 2as / matiere / fr
2as,matiere,fr,30303.pdf,https://drive.google.com/uc?export=view&id=18RMuVgzpg7YkExlvUmr1NvoztChlWobx,SITE tafawakdz / Cycle / Cycle_secondaire / Annee / 2as / matiere / fr
2as,matiere,fr,30302.pdf,https://drive.google.com/uc?export=view&id=1Lgja_OiFCW38iPeAmWCts2LgU-aGFD3y,SITE tafawakdz / Cycle / Cycle_secondaire / Annee / 2as / matiere / fr
2as,matiere,fr,30300.pdf,https://drive.google.com/uc?export=view&id=1Kjld46ClCki8GzsZ6GaVAiYqAhBhMBTI,SITE tafawakdz / Cycle / Cycle_secondaire / Annee / 2as / matiere / fr
2as,matiere,fr,30301.pdf,https://drive.google.com/uc?export=view&id=1MVyZmpsayTetDLnKOAMGFFMjv9n7d6BS,SITE tafawakdz / Cycle / Cycle_secondaire / Annee / 2as / matiere / fr
2as,matiere,fr,30299.pdf,https://drive.google.com/uc?export=view&id=1kW8dq2398Ua4_nlm1jsj20ks1j4G8FcN,SITE tafawakdz / Cycle / Cycle_secondaire / Annee / 2as / matiere / fr
2as,matiere,fr,30298.pdf,https://drive.google.com/uc?export=view&id=1iMJV7cnbXxWdfXQGPCIYEjJndsndGliz,SITE tafawakdz / Cycle / Cycle_secondaire / Annee / 2as / matiere / fr
2as,matiere,fr,30297.pdf,https://drive.google.com/uc?export=view&id=1wqmJzXPG7mc2WL7ddncxzxZS3bs1l-2z,SITE tafawakdz / Cycle / Cycle_secondaire / Annee / 2as / matiere / fr
2as,matiere,science,7648.pdf,https://drive.google.com/uc?export=view&id=1BXYQJo9SXJBdQeBfr56O_zIhNT6AYkp6,SITE tafawakdz / Cycle / Cycle_secondaire / Annee / 2as / matiere / science
2as,matiere,science,7647.pdf,https://drive.google.com/uc?export=view&id=1Df4buFY2Kby2UdAahNxrFfzQb8dlDE8R,SITE tafawakdz / Cycle / Cycle_secondaire / Annee / 2as / matiere / science
2as,matiere,science,7646.pdf,https://drive.google.com/uc?export=view&id=1uClD8zy6xu_YV_uivBr7MCj9XJIAXmM8,SITE tafawakdz / Cycle / Cycle_secondaire / Annee / 2as / matiere / science
2as,matiere,science,7645.pdf,https://drive.google.com/uc?export=view&id=1l9sObLNvBZS6hACOvoAfbCEARjpqoS0u,SITE tafawakdz / Cycle / Cycle_secondaire / Annee / 2as / matiere / science
2as,matiere,science,7643.pdf,https://drive.google.com/uc?export=view&id=1_jIntoN1X56KtJwxie1xoCVZ3h97o_Lz,SITE tafawakdz / Cycle / Cycle_secondaire / Annee / 2as / matiere / science
2as,matiere,science,7644.pdf,https://drive.google.com/uc?export=view&id=1c9L05CNdUZ9kWi_Zi7Ne6Bu6m7nbcSru,SITE tafawakdz / Cycle / Cycle_secondaire / Annee / 2as / matiere / science
2as,matiere,science,7642.pdf,https://drive.google.com/uc?export=view&id=1IDTfOIi1qxwxWbfiFaXMhXcI5YB1gXuT,SITE tafawakdz / Cycle / Cycle_secondaire / Annee / 2as / matiere / science
2as,matiere,science,7641.pdf,https://drive.google.com/uc?export=view&id=1Zf8GupUHD-efuLmIvzbG6kw0nOHDTRcS,SITE tafawakdz / Cycle / Cycle_secondaire / Annee / 2as / matiere / science
2as,matiere,science,7640.pdf,https://drive.google.com/uc?export=view&id=1IZ6VL9FN_oZLLJKKaBz5l865NTf8K3V8,SITE tafawakdz / Cycle / Cycle_secondaire / Annee / 2as / matiere / science
2as,matiere,science,7639.pdf,https://drive.google.com/uc?export=view&id=1eYR64tXg0lQH6HRYxFBgmcCzAXxuXGir,SITE tafawakdz / Cycle / Cycle_secondaire / Annee / 2as / matiere / science
2as,matiere,science,7638.pdf,https://drive.google.com/uc?export=view&id=1DIxiQtUZKT2ruF5LrWkmOvM5XC0qKxlm,SITE tafawakdz / Cycle / Cycle_secondaire / Annee / 2as / matiere / science
2as,matiere,science,7636.pdf,https://drive.google.com/uc?export=view&id=1P0xcOpflisy-80zfSfUY52vWhkxtGyWk,SITE tafawakdz / Cycle / Cycle_secondaire / Annee / 2as / matiere / science
2as,matiere,science,7637.pdf,https://drive.google.com/uc?export=view&id=1va6m7V5K6beea8M03YFI7OAx0QJJH3Gz,SITE tafawakdz / Cycle / Cycle_secondaire / Annee / 2as / matiere / science
2as,matiere,science,7635.pdf,https://drive.google.com/uc?export=view&id=1ldk172jeoZD9KYQxlqIl9LB4m8rKe_jJ,SITE tafawakdz / Cycle / Cycle_secondaire / Annee / 2as / matiere / science
2as,matiere,science,7633.pdf,https://drive.google.com/uc?export=view&id=1OOQK2ybWGvVaqQuzDm8du2cQvtUhpK8Q,SITE tafawakdz / Cycle / Cycle_secondaire / Annee / 2as / matiere / science
2as,matiere,science,7634.pdf,https://drive.google.com/uc?export=view&id=1kXgtgcW5dSdT20HGu5Dljm7xwoESTJoU,SITE tafawakdz / Cycle / Cycle_secondaire / Annee / 2as / matiere / science
2as,matiere,science,7632.pdf,https://drive.google.com/uc?export=view&id=1v5aiupFEfvbc1y2HqE92ZpL-vajvVLbO,SITE tafawakdz / Cycle / Cycle_secondaire / Annee / 2as / matiere / science
2as,matiere,science,7630.pdf,https://drive.google.com/uc?export=view&id=1HWaXpzUeGeO89QDR-fj-4V4Xojg3T3s8,SITE tafawakdz / Cycle / Cycle_secondaire / Annee / 2as / matiere / science
2as,matiere,science,7631.pdf,https://drive.google.com/uc?export=view&id=1WdzsP5_aP_oodyEfVeaHY25qWfZBLGww,SITE tafawakdz / Cycle / Cycle_secondaire / Annee / 2as / matiere / science
2as,matiere,science,7629.pdf,https://drive.google.com/uc?export=view&id=1YZSMJ-ABe6S2tOxGDwNZ24EFKlNRVQl4,SITE tafawakdz / Cycle / Cycle_secondaire / Annee / 2as / matiere / science
2as,matiere,science,7627.pdf,https://drive.google.com/uc?export=view&id=1tciPx7DfbqOBlzqhkQ1g2qTnnes60IVx,SITE tafawakdz / Cycle / Cycle_secondaire / Annee / 2as / matiere / science
2as,matiere,science,7628.pdf,https://drive.google.com/uc?export=view&id=1x0b0b_CtimzLd6tU_zk9yr60cvgllizw,SITE tafawakdz / Cycle / Cycle_secondaire / Annee / 2as / matiere / science
2as,matiere,science,7626.pdf,https://drive.google.com/uc?export=view&id=1vBg5Yyh_0eWUsVqixgfx8E0lKfxxJGhV,SITE tafawakdz / Cycle / Cycle_secondaire / Annee / 2as / matiere / science
2as,matiere,science,7625.pdf,https://drive.google.com/uc?export=view&id=1FY6PneZX9O698oRy5lnCNymLeiOyFanh,SITE tafawakdz / Cycle / Cycle_secondaire / Annee / 2as / matiere / science
2as,matiere,science,7624.pdf,https://drive.google.com/uc?export=view&id=1mlBZT7ytjYNiRaabwVbm7Z6bmmQlabp6,SITE tafawakdz / Cycle / Cycle_secondaire / Annee / 2as / matiere / science
2as,matiere,science,7622.pdf,https://drive.google.com/uc?export=view&id=1-zJ25mQ8DQHtN7KB-35vDRSfPWnefwGc,SITE tafawakdz / Cycle / Cycle_secondaire / Annee / 2as / matiere / science
2as,matiere,science,7623.pdf,https://drive.google.com/uc?export=view&id=1SLa0rp2YLUhnEzKtUZLyYf2rYpNUQ28l,SITE tafawakdz / Cycle / Cycle_secondaire / Annee / 2as / matiere / science
2as,matiere,science,7621.pdf,https://drive.google.com/uc?export=view&id=17Wh_7FlJb0x29AhGsXOWZOky1T6Jew86,SITE tafawakdz / Cycle / Cycle_secondaire / Annee / 2as / matiere / science
2as,matiere,science,7620.pdf,https://drive.google.com/uc?export=view&id=1_Wd7NGAhqvqUYJDQrMWMD_YukGlf8mKr,SITE tafawakdz / Cycle / Cycle_secondaire / Annee / 2as / matiere / science
2as,matiere,science,7619.pdf,https://drive.google.com/uc?export=view&id=1vWGO8IaDUf-PA_tH9b6HIe9zo3MY8s8l,SITE tafawakdz / Cycle / Cycle_secondaire / Annee / 2as / matiere / science
2as,matiere,science,7618.pdf,https://drive.google.com/uc?export=view&id=1k97xAjA2wJSyYOw5Qjyv6yPd_YAkSWAg,SITE tafawakdz / Cycle / Cycle_secondaire / Annee / 2as / matiere / science
2as,matiere,science,7617.pdf,https://drive.google.com/uc?export=view&id=1uyQZyinr064zyabwsUsjpPdab4Kryhtl,SITE tafawakdz / Cycle / Cycle_secondaire / Annee / 2as / matiere / science
2as,matiere,science,7616.pdf,https://drive.google.com/uc?export=view&id=17U5xLyB-BqlySbv2HotB0dvl_qH7MZHC,SITE tafawakdz / Cycle / Cycle_secondaire / Annee / 2as / matiere / science
2as,matiere,science,7615.pdf,https://drive.google.com/uc?export=view&id=1Scd5U2dwZh15Em0hzXwaDEIwo4byE1Ew,SITE tafawakdz / Cycle / Cycle_secondaire / Annee / 2as / matiere / science
2as,matiere,science,7614.pdf,https://drive.google.com/uc?export=view&id=111OHWbS2rs-ez5hi71BzjAmNDBUyeAQ2,SITE tafawakdz / Cycle / Cycle_secondaire / Annee / 2as / matiere / science
2as,matiere,science,7613.pdf,https://drive.google.com/uc?export=view&id=1P9owW33yQA-2EHSCBCz5W5lwnYMqFIhV,SITE tafawakdz / Cycle / Cycle_secondaire / Annee / 2as / matiere / science
2as,matiere,science,7612.pdf,https://drive.google.com/uc?export=view&id=1ZAQ1yDRiqWrZhsgSAN7dPYEcNncvpzZS,SITE tafawakdz / Cycle / Cycle_secondaire / Annee / 2as / matiere / science
2as,matiere,science,30902.pdf,https://drive.google.com/uc?export=view&id=1U1w426kzvU0C9XaP7OARo_POFG14mkyx,SITE tafawakdz / Cycle / Cycle_secondaire / Annee / 2as / matiere / science
2as,matiere,science,30901.pdf,https://drive.google.com/uc?export=view&id=1g49ESfcv9k6yjDPGbwZiGkYeZYhw0oFY,SITE tafawakdz / Cycle / Cycle_secondaire / Annee / 2as / matiere / science
2as,matiere,science,30900.pdf,https://drive.google.com/uc?export=view&id=1irwFik3_bjP-N0se5hKt-7wNuSIKXPey,SITE tafawakdz / Cycle / Cycle_secondaire / Annee / 2as / matiere / science
2as,matiere,science,30899.pdf,https://drive.google.com/uc?export=view&id=113YUMXeJABT0A8uo6Wf5IFlZrzsLZgXC,SITE tafawakdz / Cycle / Cycle_secondaire / Annee / 2as / matiere / science
2as,matiere,science,30898.pdf,https://drive.google.com/uc?export=view&id=1CQFrzI4HyKiB5mu5NlwmtOPyiLgkFMXZ,SITE tafawakdz / Cycle / Cycle_secondaire / Annee / 2as / matiere / science
2as,matiere,science,30897.pdf,https://drive.google.com/uc?export=view&id=1tXm2Jow9ql1XGZv7Eqg32ULW78VPUgKL,SITE tafawakdz / Cycle / Cycle_secondaire / Annee / 2as / matiere / science
2as,matiere,science,30896.pdf,https://drive.google.com/uc?export=view&id=13RNlVcX8rqoJRqcJAUzuGPBjR8w_hT6n,SITE tafawakdz / Cycle / Cycle_secondaire / Annee / 2as / matiere / science
2as,matiere,science,30895.pdf,https://drive.google.com/uc?export=view&id=1a1tZlbbx5HjqzeXDoWFkGxZfD1wiDi7A,SITE tafawakdz / Cycle / Cycle_secondaire / Annee / 2as / matiere / science
2as,matiere,science,30894.pdf,https://drive.google.com/uc?export=view&id=1ZqQ9-GqpY4xzkf9h3zpI9xk2w0oByI3_,SITE tafawakdz / Cycle / Cycle_secondaire / Annee / 2as / matiere / science
2as,matiere,science,30893.pdf,https://drive.google.com/uc?export=view&id=1WHPQChscCvk4MkUnqJtoBCcL-Xe1PSoT,SITE tafawakdz / Cycle / Cycle_secondaire / Annee / 2as / matiere / science
2as,matiere,science,30892.pdf,https://drive.google.com/uc?export=view&id=1WctHnwsJHRuwFF89UX6JzAN_BXfpE7Zm,SITE tafawakdz / Cycle / Cycle_secondaire / Annee / 2as / matiere / science
2as,matiere,science,30891.pdf,https://drive.google.com/uc?export=view&id=1GCwBwRSx8-asamSP9I3iF_6SxNLLOOfX,SITE tafawakdz / Cycle / Cycle_secondaire / Annee / 2as / matiere / science
2as,matiere,science,30890.pdf,https://drive.google.com/uc?export=view&id=1OUydDGj8wUW_GHoYlL3eAeWlsf8cQmHf,SITE tafawakdz / Cycle / Cycle_secondaire / Annee / 2as / matiere / science
2as,matiere,science,30889.pdf,https://drive.google.com/uc?export=view&id=1hhaLLV_D9HFk4FnVSvAxTNl6rN8q_-An,SITE tafawakdz / Cycle / Cycle_secondaire / Annee / 2as / matiere / science
2as,matiere,science,30888.pdf,https://drive.google.com/uc?export=view&id=1ClqVwYZbAWrLxjKkPytBhRGB3JhTnR2b,SITE tafawakdz / Cycle / Cycle_secondaire / Annee / 2as / matiere / science
2as,matiere,science,30887.pdf,https://drive.google.com/uc?export=view&id=1zYJpcntkqdNLirx0E7-2DIpEV2bSajhW,SITE tafawakdz / Cycle / Cycle_secondaire / Annee / 2as / matiere / science
2as,matiere,science,30886.pdf,https://drive.google.com/uc?export=view&id=1ZzE8l7kQQ3iJd2PfSKL3qEeN_oshys7j,SITE tafawakdz / Cycle / Cycle_secondaire / Annee / 2as / matiere / science
2as,matiere,science,30885.pdf,https://drive.google.com/uc?export=view&id=1vjEnnYCnTeZAPax5cA2dEazNVDf9KZKF,SITE tafawakdz / Cycle / Cycle_secondaire / Annee / 2as / matiere / science
2as,matiere,science,30884.pdf,https://drive.google.com/uc?export=view&id=1FNuOE_wm2KmSguxqVbmP8ePv0D-LYNMA,SITE tafawakdz / Cycle / Cycle_secondaire / Annee / 2as / matiere / science
2as,matiere,science,30883.pdf,https://drive.google.com/uc?export=view&id=1XAfC_mcjFWHM5hunTgkypPnMlq8cRp69,SITE tafawakdz / Cycle / Cycle_secondaire / Annee / 2as / matiere / science
2as,matiere,science,30882.pdf,https://drive.google.com/uc?export=view&id=14i7m3Izb2ES93ntMOjMzbQ8BL7Jo_x_m,SITE tafawakdz / Cycle / Cycle_secondaire / Annee / 2as / matiere / science
2as,matiere,science,30881.pdf,https://drive.google.com/uc?export=view&id=1_mx-Zmx-TmXZvONe5XvdImE_q_UTPp6K,SITE tafawakdz / Cycle / Cycle_secondaire / Annee / 2as / matiere / science
2as,matiere,science,30880.pdf,https://drive.google.com/uc?export=view&id=1ICOj6kKPz5cDYjH8CP3IdL5lLZXXWVe_,SITE tafawakdz / Cycle / Cycle_secondaire / Annee / 2as / matiere / science
2as,matiere,science,30879.pdf,https://drive.google.com/uc?export=view&id=1cSrxHB9J7GiPs1P9pmzLP7_EJq-_f9kL,SITE tafawakdz / Cycle / Cycle_secondaire / Annee / 2as / matiere / science
2as,matiere,science,30878.pdf,https://drive.google.com/uc?export=view&id=13oEXu_1QdR0pBasUJWHHJjhWUF8wplM3,SITE tafawakdz / Cycle / Cycle_secondaire / Annee / 2as / matiere / science
2as,matiere,science,30877.pdf,https://drive.google.com/uc?export=view&id=1NLKWYempIIhcyKOlvn3-v64rfcu3z-CA,SITE tafawakdz / Cycle / Cycle_secondaire / Annee / 2as / matiere / science
2as,matiere,science,30876.pdf,https://drive.google.com/uc?export=view&id=1mbsFisDOjsbMF9m-tSi-rsu7Q5qtSgXv,SITE tafawakdz / Cycle / Cycle_secondaire / Annee / 2as / matiere / science
2as,matiere,science,30875.pdf,https://drive.google.com/uc?export=view&id=1mh-poS8DSmZ60mrnQcxHmDwbSZcBajbq,SITE tafawakdz / Cycle / Cycle_secondaire / Annee / 2as / matiere / science
2as,matiere,science,30874.pdf,https://drive.google.com/uc?export=view&id=1YZTfCItP48Vc6tXNE6cNFvfR2tqCwFCT,SITE tafawakdz / Cycle / Cycle_secondaire / Annee / 2as / matiere / science
2as,matiere,science,30873.pdf,https://drive.google.com/uc?export=view&id=1Qc5rKU84DMrtScwLL_a7leWMZPRcEV6W,SITE tafawakdz / Cycle / Cycle_secondaire / Annee / 2as / matiere / science
2as,matiere,science,30872.pdf,https://drive.google.com/uc?export=view&id=1rPlrbQVykSVXbB9Ofv2YVk5TzGzz9bLJ,SITE tafawakdz / Cycle / Cycle_secondaire / Annee / 2as / matiere / science
2as,matiere,science,30871.pdf,https://drive.google.com/uc?export=view&id=1rX3URkUey2papBMsmVmpKgA2jkNtJzIE,SITE tafawakdz / Cycle / Cycle_secondaire / Annee / 2as / matiere / science
2as,matiere,science,30870.pdf,https://drive.google.com/uc?export=view&id=1Cx2km8_hAGdftEEDVwdmdcgwx29gIouK,SITE tafawakdz / Cycle / Cycle_secondaire / Annee / 2as / matiere / science
2as,matiere,science,30869.pdf,https://drive.google.com/uc?export=view&id=1zrPpDyoK_HO1dcd1KrTSaf3sOxJhhFtr,SITE tafawakdz / Cycle / Cycle_secondaire / Annee / 2as / matiere / science
2as,matiere,science,30868.pdf,https://drive.google.com/uc?export=view&id=1AiUM8VPtspUV8HkJGIB2cdLmbkdXckCl,SITE tafawakdz / Cycle / Cycle_secondaire / Annee / 2as / matiere / science
2as,matiere,science,30867.pdf,https://drive.google.com/uc?export=view&id=1pkvxlS5TgBsMUcfHcX6hLFEJL5q0NJ-H,SITE tafawakdz / Cycle / Cycle_secondaire / Annee / 2as / matiere / science
2as,matiere,science,30866.pdf,https://drive.google.com/uc?export=view&id=1D144WT-vJfh9ICTpqmIOVlrYIi9FaIMk,SITE tafawakdz / Cycle / Cycle_secondaire / Annee / 2as / matiere / science
2as,matiere,science,30865.pdf,https://drive.google.com/uc?export=view&id=1NDVdUXFSZ27OTBnQnYK1YA4QGvgEFMiu,SITE tafawakdz / Cycle / Cycle_secondaire / Annee / 2as / matiere / science
2as,matiere,science,30864.pdf,https://drive.google.com/uc?export=view&id=1Kem3DNmIYc3tVueu8WqdJXZ0C_LQvaEw,SITE tafawakdz / Cycle / Cycle_secondaire / Annee / 2as / matiere / science
2as,matiere,science,30863.pdf,https://drive.google.com/uc?export=view&id=1IpCMXaKV4Qmrm4Fzt52mSRh2aXIf_xC_,SITE tafawakdz / Cycle / Cycle_secondaire / Annee / 2as / matiere / science
2as,matiere,science,30862.pdf,https://drive.google.com/uc?export=view&id=1CQSaB9pWiz0Z-XqWRq-yMdYL8cPVxFbI,SITE tafawakdz / Cycle / Cycle_secondaire / Annee / 2as / matiere / science
2as,matiere,science,30861.pdf,https://drive.google.com/uc?export=view&id=172l-1Rks2aSYo4LNHyHeZDQ1EUtWN0_4,SITE tafawakdz / Cycle / Cycle_secondaire / Annee / 2as / matiere / science
2as,matiere,science,30860.pdf,https://drive.google.com/uc?export=view&id=1kp5LWv4wPYMDj0KjOBlEZbXS70sU-R2F,SITE tafawakdz / Cycle / Cycle_secondaire / Annee / 2as / matiere / science
2as,matiere,science,30859.pdf,https://drive.google.com/uc?export=view&id=1JNux_7rUDIu-s4weGgbFL_sfXUeT8DOm,SITE tafawakdz / Cycle / Cycle_secondaire / Annee / 2as / matiere / science
2as,matiere,science,30858.pdf,https://drive.google.com/uc?export=view&id=1Fn6kKdYvKcOJ-TK93Len0xl64wvJDhxl,SITE tafawakdz / Cycle / Cycle_secondaire / Annee / 2as / matiere / science
2as,matiere,science,30857.pdf,https://drive.google.com/uc?export=view&id=1bxAs6JMBBe8RhKedvc4jjNpND0fG0lbF,SITE tafawakdz / Cycle / Cycle_secondaire / Annee / 2as / matiere / science
2as,matiere,science,30856.pdf,https://drive.google.com/uc?export=view&id=1dduoD7TnmCrcr-7ULt6G9iDeEGQlY0VZ,SITE tafawakdz / Cycle / Cycle_secondaire / Annee / 2as / matiere / science
2as,matiere,science,30855.pdf,https://drive.google.com/uc?export=view&id=1qarCyooIxDqlCrEiVIHRgaQEHpV37A0o,SITE tafawakdz / Cycle / Cycle_secondaire / Annee / 2as / matiere / science
2as,matiere,science,30854.pdf,https://drive.google.com/uc?export=view&id=1PqplF3-6pTDLIWAzaKCZ8TJoYJtImQq8,SITE tafawakdz / Cycle / Cycle_secondaire / Annee / 2as / matiere / science
2as,matiere,science,30853.pdf,https://drive.google.com/uc?export=view&id=1OxTPSkzABq0WbDhm8UKd_q6CdrkXehSj,SITE tafawakdz / Cycle / Cycle_secondaire / Annee / 2as / matiere / science
2as,matiere,science,30852.pdf,https://drive.google.com/uc?export=view&id=1M7HT78wjYb1pZL9vmuxZd1ndZLCttDnO,SITE tafawakdz / Cycle / Cycle_secondaire / Annee / 2as / matiere / science
2as,matiere,science,30851.pdf,https://drive.google.com/uc?export=view&id=1LsRNRhVZhm2WQRA7NmspINhpflN9KBte,SITE tafawakdz / Cycle / Cycle_secondaire / Annee / 2as / matiere / science
2as,matiere,science,30850.pdf,https://drive.google.com/uc?export=view&id=1ImbG1WASXUhZtjxTSfamFlvlYFvRshym,SITE tafawakdz / Cycle / Cycle_secondaire / Annee / 2as / matiere / science
2as,matiere,science,30849.pdf,https://drive.google.com/uc?export=view&id=1EN3pBhJCTZ9oTfGnHGDVcEPzFpdnHyBb,SITE tafawakdz / Cycle / Cycle_secondaire / Annee / 2as / matiere / science
2as,matiere,science,30848.pdf,https://drive.google.com/uc?export=view&id=1TFh4-HzwmgVnJBRKmvxGPem2xs-zR6Ku,SITE tafawakdz / Cycle / Cycle_secondaire / Annee / 2as / matiere / science
2as,matiere,science,30847.pdf,https://drive.google.com/uc?export=view&id=18F5f-SwiANHsF9mwR7RpbIBkcDY-PruJ,SITE tafawakdz / Cycle / Cycle_secondaire / Annee / 2as / matiere / science
2as,matiere,science,30846.pdf,https://drive.google.com/uc?export=view&id=1KpcNMjXDiMQxr2LqRl5aa7Dg2dIQGCQl,SITE tafawakdz / Cycle / Cycle_secondaire / Annee / 2as / matiere / science
2as,matiere,science,30845.pdf,https://drive.google.com/uc?export=view&id=1DhumoGg1Taq_XtoIRITYbbgOem2cfbwZ,SITE tafawakdz / Cycle / Cycle_secondaire / Annee / 2as / matiere / science
2as,matiere,science,30844.pdf,https://drive.google.com/uc?export=view&id=1wSTk2IJ3uRS4eObwWMN2CR-KFfI9zlMK,SITE tafawakdz / Cycle / Cycle_secondaire / Annee / 2as / matiere / science
2as,matiere,science,30843.pdf,https://drive.google.com/uc?export=view&id=1tHWB69FF8h6eA8fxYpUNhkyrYpdq8Z94,SITE tafawakdz / Cycle / Cycle_secondaire / Annee / 2as / matiere / science
2as,matiere,science,30842.pdf,https://drive.google.com/uc?export=view&id=15ANVcGw51Alt5utZ_WJKS23SM9k-bRKT,SITE tafawakdz / Cycle / Cycle_secondaire / Annee / 2as / matiere / science
2as,matiere,science,30841.pdf,https://drive.google.com/uc?export=view&id=10rXBWI4jy74DfwO4Zj7QWQVETH1ViZlF,SITE tafawakdz / Cycle / Cycle_secondaire / Annee / 2as / matiere / science
2as,matiere,science,30840.pdf,https://drive.google.com/uc?export=view&id=1pNxqyQ7Z7s4qDYu1U2m-lYqrq8A6oLBg,SITE tafawakdz / Cycle / Cycle_secondaire / Annee / 2as / matiere / science
2as,matiere,tamazigh,30153.pdf,https://drive.google.com/uc?export=view&id=1r8twcwoUOl51rOZqGbkDhW01n61slxvq,SITE tafawakdz / Cycle / Cycle_secondaire / Annee / 2as / matiere / tamazigh
2as,matiere,tamazigh,30151.pdf,https://drive.google.com/uc?export=view&id=1EUeeA0bpi8J_I01lr05Zrt9v97ORU0Zx,SITE tafawakdz / Cycle / Cycle_secondaire / Annee / 2as / matiere / tamazigh
2as,matiere,tamazigh,30152.pdf,https://drive.google.com/uc?export=view&id=1iLLqndFUXHp4_X94Lm6kRArybfcJ0S_k,SITE tafawakdz / Cycle / Cycle_secondaire / Annee / 2as / matiere / tamazigh
2as,matiere,tamazigh,30150.pdf,https://drive.google.com/uc?export=view&id=1W9GWEfkn5LrbDzvFVDbJ7h9B5DTTbGOr,SITE tafawakdz / Cycle / Cycle_secondaire / Annee / 2as / matiere / tamazigh
2as,matiere,tamazigh,30149.pdf,https://drive.google.com/uc?export=view&id=1cLqfZVLAanQAxnFyT6WxrMQgPostCCuV,SITE tafawakdz / Cycle / Cycle_secondaire / Annee / 2as / matiere / tamazigh
2as,matiere,tamazigh,30148.pdf,https://drive.google.com/uc?export=view&id=1iQ4fBWV0CuDONktNrFJRpZ-Kbg8nnFua,SITE tafawakdz / Cycle / Cycle_secondaire / Annee / 2as / matiere / tamazigh
2as,matiere,tamazigh,28543.pdf,https://drive.google.com/uc?export=view&id=1bnvF1CjVt-I3fearsIvDIA4viis2yCeQ,SITE tafawakdz / Cycle / Cycle_secondaire / Annee / 2as / matiere / tamazigh
2as,matiere,tamazigh,28542.pdf,https://drive.google.com/uc?export=view&id=18GdjgO1uuh7CdN40BF2IwO1rddyGEpL6,SITE tafawakdz / Cycle / Cycle_secondaire / Annee / 2as / matiere / tamazigh
2as,matiere,tamazigh,28541.pdf,https://drive.google.com/uc?export=view&id=1afKGzZDOBLZzaqvx0XP0zDKyKj4FB5iw,SITE tafawakdz / Cycle / Cycle_secondaire / Annee / 2as / matiere / tamazigh
2as,matiere,tamazigh,28539.pdf,https://drive.google.com/uc?export=view&id=1KUwaH6b7zadqAqI1gZRzyCglOZGNTsYN,SITE tafawakdz / Cycle / Cycle_secondaire / Annee / 2as / matiere / tamazigh
2as,matiere,tamazigh,28540.pdf,https://drive.google.com/uc?export=view&id=1ztIo_hU-95McfaIjg6Js8otr_tWq091d,SITE tafawakdz / Cycle / Cycle_secondaire / Annee / 2as / matiere / tamazigh
2as,matiere,tamazigh,28538.pdf,https://drive.google.com/uc?export=view&id=1UWHCEHCsCdZ8wcHOix1Khc15ae5pC22N,SITE tafawakdz / Cycle / Cycle_secondaire / Annee / 2as / matiere / tamazigh
2as,matiere,tamazigh,28536.pdf,https://drive.google.com/uc?export=view&id=1_OT3QK1BtwO9jj1WL3Rt0rHEkIAbwW95,SITE tafawakdz / Cycle / Cycle_secondaire / Annee / 2as / matiere / tamazigh
2as,matiere,tamazigh,28537.pdf,https://drive.google.com/uc?export=view&id=1sLPiJAKSxEdPVMWzfq7M5eJUBc7fyFSt,SITE tafawakdz / Cycle / Cycle_secondaire / Annee / 2as / matiere / tamazigh
2as,matiere,tamazigh,28535.pdf,https://drive.google.com/uc?export=view&id=1o_On7XqfDydM4JkR3jGac31xjAThnk5z,SITE tafawakdz / Cycle / Cycle_secondaire / Annee / 2as / matiere / tamazigh
Annee,2as,dessin,8332.pdf,https://drive.google.com/uc?export=view&id=1rtbMJ_IHFIS7B0P3RKDKy2CiCM14sVcU,SITE tafawakdz / Cycle / Cycle_secondaire / Annee / 2as / dessin
Annee,2as,dessin,8331.pdf,https://drive.google.com/uc?export=view&id=1rJKQSgQiEdX0E8VRVIUGaQkhfVVwgx8n,SITE tafawakdz / Cycle / Cycle_secondaire / Annee / 2as / dessin
Annee,2as,dessin,8329.pdf,https://drive.google.com/uc?export=view&id=10E8U7epTwfWTQxXElSQfwJj2ypKP65d6,SITE tafawakdz / Cycle / Cycle_secondaire / Annee / 2as / dessin
Annee,2as,dessin,8330.pdf,https://drive.google.com/uc?export=view&id=15Gjt8OMmsXi94AWwL1FBcvBDQqR4vRK5,SITE tafawakdz / Cycle / Cycle_secondaire / Annee / 2as / dessin
Annee,2as,dessin,8328.pdf,https://drive.google.com/uc?export=view&id=1g6JPgx6QeK-iYPEOcHDLq6RyAj--cFgs,SITE tafawakdz / Cycle / Cycle_secondaire / Annee / 2as / dessin
Annee,2as,dessin,8327.pdf,https://drive.google.com/uc?export=view&id=1B4VbWNxJiwxF1zgDT0RdmamUZy5OC7a0,SITE tafawakdz / Cycle / Cycle_secondaire / Annee / 2as / dessin
Annee,2as,dessin,8326.pdf,https://drive.google.com/uc?export=view&id=1Po6cdeKV5JrgoxMCyFJq3xer9lrRvQEv,SITE tafawakdz / Cycle / Cycle_secondaire / Annee / 2as / dessin
Annee,2as,dessin,8325.pdf,https://drive.google.com/uc?export=view&id=1fyehqqeKurfKSFwD1zVM2k4cQwnraUqy,SITE tafawakdz / Cycle / Cycle_secondaire / Annee / 2as / dessin
1as,matiere,arabe,8073.pdf,https://drive.google.com/uc?export=view&id=12BOdwI7YO9v-KwsWRzaHTuwoJvaFSTK6,SITE tafawakdz / Cycle / Cycle_secondaire / Annee / 1as / matiere / arabe
1as,matiere,arabe,8072.pdf,https://drive.google.com/uc?export=view&id=1-1Q75Knb8ULMZ0PoGoaskyKSNClGYDmi,SITE tafawakdz / Cycle / Cycle_secondaire / Annee / 1as / matiere / arabe
1as,matiere,arabe,8071.pdf,https://drive.google.com/uc?export=view&id=1HEQ_KfDe-DycUOnzpS1TFEfhDgtbydiY,SITE tafawakdz / Cycle / Cycle_secondaire / Annee / 1as / matiere / arabe
1as,matiere,arabe,8070.pdf,https://drive.google.com/uc?export=view&id=1ED77se4fKeemhSEbqhPhTyXpaTiqOjZn,SITE tafawakdz / Cycle / Cycle_secondaire / Annee / 1as / matiere / arabe
1as,matiere,arabe,8069.pdf,https://drive.google.com/uc?export=view&id=1HiWgLfmolqpPfUxr1AJ8AgI3kV2D8Gdj,SITE tafawakdz / Cycle / Cycle_secondaire / Annee / 1as / matiere / arabe
1as,matiere,arabe,8068.pdf,https://drive.google.com/uc?export=view&id=1jOpyTtFJIzQyLDw7ZryxFDVo-uTZj_MM,SITE tafawakdz / Cycle / Cycle_secondaire / Annee / 1as / matiere / arabe
1as,matiere,arabe,8067.pdf,https://drive.google.com/uc?export=view&id=1IKUB0o06uMmb4ZVVEtjfCgqXKz9yeydi,SITE tafawakdz / Cycle / Cycle_secondaire / Annee / 1as / matiere / arabe
1as,matiere,arabe,31000.pdf,https://drive.google.com/uc?export=view&id=1uX8R7wVfAVC4v8wRP-Ga99yMbaBsnGja,SITE tafawakdz / Cycle / Cycle_secondaire / Annee / 1as / matiere / arabe
1as,matiere,arabe,30999.pdf,https://drive.google.com/uc?export=view&id=18ZbFymzgg0wNvN76dbh3pKxDc2Ef6eL8,SITE tafawakdz / Cycle / Cycle_secondaire / Annee / 1as / matiere / arabe
1as,matiere,arabe,30998.pdf,https://drive.google.com/uc?export=view&id=14rYV4RXXZRAjS_VYxuEsevLUgw9dZpdm,SITE tafawakdz / Cycle / Cycle_secondaire / Annee / 1as / matiere / arabe
1as,matiere,arabe,30997.pdf,https://drive.google.com/uc?export=view&id=1QycwTqoP7h1HE7pLvEOdo0dRfzDpkLNg,SITE tafawakdz / Cycle / Cycle_secondaire / Annee / 1as / matiere / arabe
1as,matiere,arabe,30996.pdf,https://drive.google.com/uc?export=view&id=1ysPlDmeovekfCYZBJDItDR6MTMHz8sEn,SITE tafawakdz / Cycle / Cycle_secondaire / Annee / 1as / matiere / arabe
1as,matiere,arabe,30995.pdf,https://drive.google.com/uc?export=view&id=1SES1KiYmzxpN1pFIxhq4hTQGwlJ4BHOs,SITE tafawakdz / Cycle / Cycle_secondaire / Annee / 1as / matiere / arabe
1as,matiere,arabe,30994.pdf,https://drive.google.com/uc?export=view&id=1uenotw25UYIWgGEJj6EEwdcdKno1a9Su,SITE tafawakdz / Cycle / Cycle_secondaire / Annee / 1as / matiere / arabe
1as,matiere,arabe,30992.pdf,https://drive.google.com/uc?export=view&id=1Hj8EPhT0jkoqhZftBUzWtIeSa0VG5vWH,SITE tafawakdz / Cycle / Cycle_secondaire / Annee / 1as / matiere / arabe
1as,matiere,arabe,30993.pdf,https://drive.google.com/uc?export=view&id=1tbThT2WFGuKGBKmjz-yHUY-iG35qbez8,SITE tafawakdz / Cycle / Cycle_secondaire / Annee / 1as / matiere / arabe
1as,matiere,arabe,30990.pdf,https://drive.google.com/uc?export=view&id=1x5bqYgM8wKIOrHMpN9YO8UmABQGXk2Rb,SITE tafawakdz / Cycle / Cycle_secondaire / Annee / 1as / matiere / arabe
1as,matiere,arabe,30991.pdf,https://drive.google.com/uc?export=view&id=1yLOchCQb7EzGCtZIqlK4nVxbBQdj1lbJ,SITE tafawakdz / Cycle / Cycle_secondaire / Annee / 1as / matiere / arabe
1as,matiere,arabe,30989.pdf,https://drive.google.com/uc?export=view&id=18hc3wds1FrOQYG2nAb0p66r-gJ4Dodi_,SITE tafawakdz / Cycle / Cycle_secondaire / Annee / 1as / matiere / arabe
1as,matiere,arabe,30987.pdf,https://drive.google.com/uc?export=view&id=1Oz-Q5Y1_jsFGYdI06dozvAzKCan6liE3,SITE tafawakdz / Cycle / Cycle_secondaire / Annee / 1as / matiere / arabe
1as,matiere,arabe,30988.pdf,https://drive.google.com/uc?export=view&id=1rKOFxbaLJEXBXtdncjryJH4noO6-ofNP,SITE tafawakdz / Cycle / Cycle_secondaire / Annee / 1as / matiere / arabe
1as,matiere,arabe,30986.pdf,https://drive.google.com/uc?export=view&id=1xw9FzK-2POFoBcaaWGrRuEKAoKGfr0C2,SITE tafawakdz / Cycle / Cycle_secondaire / Annee / 1as / matiere / arabe
1as,matiere,arabe,30984.pdf,https://drive.google.com/uc?export=view&id=1DX-yR75QJWZHq9HBLh6UW0QGm_ToMqIT,SITE tafawakdz / Cycle / Cycle_secondaire / Annee / 1as / matiere / arabe
1as,matiere,arabe,30985.pdf,https://drive.google.com/uc?export=view&id=1QMj1efdavXOJ87FkX8q7ZyLJWL6xUQv8,SITE tafawakdz / Cycle / Cycle_secondaire / Annee / 1as / matiere / arabe
1as,matiere,arabe,30983.pdf,https://drive.google.com/uc?export=view&id=1GNChndGmq6uA_KJKPIMSMU3TsBpLP1oJ,SITE tafawakdz / Cycle / Cycle_secondaire / Annee / 1as / matiere / arabe
1as,matiere,arabe,30982.pdf,https://drive.google.com/uc?export=view&id=117ymTpVr3UMmPRkSM5yydr3FyNMX3erq,SITE tafawakdz / Cycle / Cycle_secondaire / Annee / 1as / matiere / arabe
1as,matiere,arabe,30981.pdf,https://drive.google.com/uc?export=view&id=1_hxrwqZsutGJJ_ZzN8SszhR5dfwyRZbs,SITE tafawakdz / Cycle / Cycle_secondaire / Annee / 1as / matiere / arabe
1as,matiere,arabe,30980.pdf,https://drive.google.com/uc?export=view&id=1Qt0WXMYIOWN9fPAG1mfGt_nsnbphGfNV,SITE tafawakdz / Cycle / Cycle_secondaire / Annee / 1as / matiere / arabe
1as,matiere,arabe,30978.pdf,https://drive.google.com/uc?export=view&id=1yC-sPFmZkpG5Fj-bn8FknfVzBYdP43lC,SITE tafawakdz / Cycle / Cycle_secondaire / Annee / 1as / matiere / arabe
1as,matiere,arabe,30979.pdf,https://drive.google.com/uc?export=view&id=1zTr0lpfHe4dIXjEGVEbO4_JRoq94FJ4g,SITE tafawakdz / Cycle / Cycle_secondaire / Annee / 1as / matiere / arabe
1as,matiere,arabe,30977.pdf,https://drive.google.com/uc?export=view&id=1mbxkIXIm_-t0rEuLredUaFgLAPPzU1NB,SITE tafawakdz / Cycle / Cycle_secondaire / Annee / 1as / matiere / arabe
1as,matiere,arabe,30976.pdf,https://drive.google.com/uc?export=view&id=1FT7AA17jtVATrA-27ujTuszZT4qFowFW,SITE tafawakdz / Cycle / Cycle_secondaire / Annee / 1as / matiere / arabe
1as,matiere,arabe,30975.pdf,https://drive.google.com/uc?export=view&id=1t1et0wGfIKXH6qbDgBM02GIoep9yfpx5,SITE tafawakdz / Cycle / Cycle_secondaire / Annee / 1as / matiere / arabe
1as,matiere,arabe,30974.pdf,https://drive.google.com/uc?export=view&id=1W2VaopLbkEv9TCXS0rrcK4ZWjKVjYCXx,SITE tafawakdz / Cycle / Cycle_secondaire / Annee / 1as / matiere / arabe
1as,matiere,arabe,30972.pdf,https://drive.google.com/uc?export=view&id=10Wp25KclvRPQyBwUb8iz5RoRSC1VG_fI,SITE tafawakdz / Cycle / Cycle_secondaire / Annee / 1as / matiere / arabe
1as,matiere,arabe,30973.pdf,https://drive.google.com/uc?export=view&id=1xIVOZRHLncnnIZ8610eJwFWDV660TFR2,SITE tafawakdz / Cycle / Cycle_secondaire / Annee / 1as / matiere / arabe
1as,matiere,arabe,30971.pdf,https://drive.google.com/uc?export=view&id=1XWqPSLy0S3UxF4rsNEem7O3uhsmPuEz-,SITE tafawakdz / Cycle / Cycle_secondaire / Annee / 1as / matiere / arabe
1as,matiere,arabe,30970.pdf,https://drive.google.com/uc?export=view&id=12TK4lHomDD54O0Pu4XbLJpVngvkqEjZ6,SITE tafawakdz / Cycle / Cycle_secondaire / Annee / 1as / matiere / arabe
1as,matiere,arabe,30969.pdf,https://drive.google.com/uc?export=view&id=1ck7y_hwD5uGZbfRehRStDMAr2DbGDxr9,SITE tafawakdz / Cycle / Cycle_secondaire / Annee / 1as / matiere / arabe
1as,matiere,arabe,30968.pdf,https://drive.google.com/uc?export=view&id=19HLll36obCRIjy_jn3lOjgBfdmvPQ8WX,SITE tafawakdz / Cycle / Cycle_secondaire / Annee / 1as / matiere / arabe
1as,matiere,arabe,30967.pdf,https://drive.google.com/uc?export=view&id=1A5sP-9DPSSzBLSZts7GbZSuJpMo-P7GE,SITE tafawakdz / Cycle / Cycle_secondaire / Annee / 1as / matiere / arabe
1as,matiere,arabe,30966.pdf,https://drive.google.com/uc?export=view&id=1cTEqWOTzGkW1l2wpDhnZALNMwdc20HHD,SITE tafawakdz / Cycle / Cycle_secondaire / Annee / 1as / matiere / arabe
1as,matiere,arabe,30964.pdf,https://drive.google.com/uc?export=view&id=1TJMjuRBXkx-nfwXNyU9D7MLzCEy-pOl0,SITE tafawakdz / Cycle / Cycle_secondaire / Annee / 1as / matiere / arabe
1as,matiere,arabe,30965.pdf,https://drive.google.com/uc?export=view&id=1oJoQQ5UJvC6EJHbstPpQ28GU74-YXYt0,SITE tafawakdz / Cycle / Cycle_secondaire / Annee / 1as / matiere / arabe
1as,matiere,arabe,30963.pdf,https://drive.google.com/uc?export=view&id=1EKA8hylCeQ8lqBSQ013yLBT_8u5_6UNk,SITE tafawakdz / Cycle / Cycle_secondaire / Annee / 1as / matiere / arabe
1as,matiere,arabe,30962.pdf,https://drive.google.com/uc?export=view&id=1Sk1le9Wt6w8OfBJzJkAap9z-hU_5Xo3Y,SITE tafawakdz / Cycle / Cycle_secondaire / Annee / 1as / matiere / arabe
1as,matiere,arabe,30961.pdf,https://drive.google.com/uc?export=view&id=1lpM4ucUPCc9mqZlXEfoqU_G34wbBwtr5,SITE tafawakdz / Cycle / Cycle_secondaire / Annee / 1as / matiere / arabe
1as,matiere,arabe,30960.pdf,https://drive.google.com/uc?export=view&id=1RL7kO6YUQoMxgwdUBzn4AkXJ6Cw3T7gE,SITE tafawakdz / Cycle / Cycle_secondaire / Annee / 1as / matiere / arabe
1as,matiere,arabe,30959.pdf,https://drive.google.com/uc?export=view&id=1S8SkMK2_ax41vb527RXbheoKC7zZPNxq,SITE tafawakdz / Cycle / Cycle_secondaire / Annee / 1as / matiere / arabe
1as,matiere,arabe,30958.pdf,https://drive.google.com/uc?export=view&id=1JTaiS2_KQVMyGPGX4v32LkL2hvGDE1-x,SITE tafawakdz / Cycle / Cycle_secondaire / Annee / 1as / matiere / arabe
1as,matiere,arabe,30957.pdf,https://drive.google.com/uc?export=view&id=1YVHEBvAuLXuLCSf4I0I1ro35vop8jjmI,SITE tafawakdz / Cycle / Cycle_secondaire / Annee / 1as / matiere / arabe
1as,matiere,arabe,30955.pdf,https://drive.google.com/uc?export=view&id=17yl18vekS3jXtxX59X_NYg2X4-zeDy41,SITE tafawakdz / Cycle / Cycle_secondaire / Annee / 1as / matiere / arabe
1as,matiere,arabe,30956.pdf,https://drive.google.com/uc?export=view&id=1rt619ANn_IIHgZ6T0Api_H853Zgyf7a7,SITE tafawakdz / Cycle / Cycle_secondaire / Annee / 1as / matiere / arabe
1as,matiere,arabe,30954.pdf,https://drive.google.com/uc?export=view&id=19ee5HRBcryDTct0ldrlWchx_PjIfiXoX,SITE tafawakdz / Cycle / Cycle_secondaire / Annee / 1as / matiere / arabe
1as,matiere,arabe,30953.pdf,https://drive.google.com/uc?export=view&id=1aIRtU1jjkvYqNu_r4q5zJD1qq4f2AiLV,SITE tafawakdz / Cycle / Cycle_secondaire / Annee / 1as / matiere / arabe
1as,matiere,arabe,30952.pdf,https://drive.google.com/uc?export=view&id=1mmgljV7iOYJC40sXszx5sPLs_9ToKAew,SITE tafawakdz / Cycle / Cycle_secondaire / Annee / 1as / matiere / arabe
1as,matiere,arabe,30951.pdf,https://drive.google.com/uc?export=view&id=1WxTNY_JVMbta-K0-Isp7PyLXdbNfIVio,SITE tafawakdz / Cycle / Cycle_secondaire / Annee / 1as / matiere / arabe
1as,matiere,arabe,30949.pdf,https://drive.google.com/uc?export=view&id=1BLHn1OgB3JvHE0q3r1ys0RRaYJS05RiY,SITE tafawakdz / Cycle / Cycle_secondaire / Annee / 1as / matiere / arabe
1as,matiere,arabe,30950.pdf,https://drive.google.com/uc?export=view&id=1UiCh35xqF8vXTbQvDitgvZvDeyrtD9WP,SITE tafawakdz / Cycle / Cycle_secondaire / Annee / 1as / matiere / arabe
1as,matiere,arabe,30948.pdf,https://drive.google.com/uc?export=view&id=1V-78BW95ojZKIaKAcEYzvOjD0d30hJnp,SITE tafawakdz / Cycle / Cycle_secondaire / Annee / 1as / matiere / arabe
1as,matiere,arabe,30947.pdf,https://drive.google.com/uc?export=view&id=133pn4IhbU2ytzbiO8AcgpZwWf0oPTSpM,SITE tafawakdz / Cycle / Cycle_secondaire / Annee / 1as / matiere / arabe
1as,matiere,arabe,30945.pdf,https://drive.google.com/uc?export=view&id=1CD-x67IMi3TPzBFveC5BncFvLa-PSdGg,SITE tafawakdz / Cycle / Cycle_secondaire / Annee / 1as / matiere / arabe
1as,matiere,arabe,30946.pdf,https://drive.google.com/uc?export=view&id=1UWw5gFPkMZYVMrTRIZ2UqFIR65J184TF,SITE tafawakdz / Cycle / Cycle_secondaire / Annee / 1as / matiere / arabe
1as,matiere,arabe,30944.pdf,https://drive.google.com/uc?export=view&id=1C0qFhFGgPNQCynEFQ9DnOvc1v9WeGNx2,SITE tafawakdz / Cycle / Cycle_secondaire / Annee / 1as / matiere / arabe
1as,matiere,arabe,30942.pdf,https://drive.google.com/uc?export=view&id=11eX9hq2dY7KbyP-8MBgOJy4zmPOmUn-i,SITE tafawakdz / Cycle / Cycle_secondaire / Annee / 1as / matiere / arabe
1as,matiere,arabe,30943.pdf,https://drive.google.com/uc?export=view&id=1ponffntWQoRjWfDZiEzfnR4h5tZuLX_0,SITE tafawakdz / Cycle / Cycle_secondaire / Annee / 1as / matiere / arabe
1as,matiere,arabe,30941.pdf,https://drive.google.com/uc?export=view&id=1_RRYzGvWByQN2vBpOyBJgeF4JvbB8Q26,SITE tafawakdz / Cycle / Cycle_secondaire / Annee / 1as / matiere / arabe
1as,matiere,arabe,30940.pdf,https://drive.google.com/uc?export=view&id=11atcwn2BfqtCQ5OGTXYeLOymCsvHeTMa,SITE tafawakdz / Cycle / Cycle_secondaire / Annee / 1as / matiere / arabe
1as,matiere,arabe,30938.pdf,https://drive.google.com/uc?export=view&id=1M1n-0veDAaH_vSmKSwarVrSuss_LX0Lu,SITE tafawakdz / Cycle / Cycle_secondaire / Annee / 1as / matiere / arabe
1as,matiere,arabe,30939.pdf,https://drive.google.com/uc?export=view&id=1Zs5SlBxB8M1StYnOkp6-k6jY33-nCzCw,SITE tafawakdz / Cycle / Cycle_secondaire / Annee / 1as / matiere / arabe
1as,matiere,arabe,30937.pdf,https://drive.google.com/uc?export=view&id=1jfQVprOXINqYF06N7LgD8NXfIDZ7e-8I,SITE tafawakdz / Cycle / Cycle_secondaire / Annee / 1as / matiere / arabe
1as,matiere,arabe,30936.pdf,https://drive.google.com/uc?export=view&id=1o6cTgIiIm_gidOhqdMSxYUKUNp0FSV7-,SITE tafawakdz / Cycle / Cycle_secondaire / Annee / 1as / matiere / arabe
1as,matiere,arabe,30935.pdf,https://drive.google.com/uc?export=view&id=1VXDBk4vVQ2uz-82t3NpmJ9P-52wfAx0e,SITE tafawakdz / Cycle / Cycle_secondaire / Annee / 1as / matiere / arabe
1as,matiere,arabe,30934.pdf,https://drive.google.com/uc?export=view&id=1Wq7ejZ_Bo9t5IoFrUXn9sVQ4hqtoz303,SITE tafawakdz / Cycle / Cycle_secondaire / Annee / 1as / matiere / arabe
1as,matiere,arabe,30933.pdf,https://drive.google.com/uc?export=view&id=1ysG2Qf-YQ4wkcPz87WVmwvzLElEJ0nJk,SITE tafawakdz / Cycle / Cycle_secondaire / Annee / 1as / matiere / arabe
1as,matiere,arabe,30932.pdf,https://drive.google.com/uc?export=view&id=1ek2O5ZF61L8j2WylPRGvsUkv1sMJ7exq,SITE tafawakdz / Cycle / Cycle_secondaire / Annee / 1as / matiere / arabe
1as,matiere,arabe,30930.pdf,https://drive.google.com/uc?export=view&id=196RLif9o-iqZYbX6XfdyAQ610g0-fXsz,SITE tafawakdz / Cycle / Cycle_secondaire / Annee / 1as / matiere / arabe
1as,matiere,arabe,30931.pdf,https://drive.google.com/uc?export=view&id=1_ImKudZyd0rvBUGFwojh6hoOzQy64utz,SITE tafawakdz / Cycle / Cycle_secondaire / Annee / 1as / matiere / arabe
1as,matiere,arabe,30929.pdf,https://drive.google.com/uc?export=view&id=1P6JMAd5XSd9J_55d82zFoDMmivgPgmxu,SITE tafawakdz / Cycle / Cycle_secondaire / Annee / 1as / matiere / arabe
1as,matiere,arabe,30928.pdf,https://drive.google.com/uc?export=view&id=12sTw9phpi8MB398FnJzz0mgqHQKjrv4e,SITE tafawakdz / Cycle / Cycle_secondaire / Annee / 1as / matiere / arabe
1as,matiere,arabe,30927.pdf,https://drive.google.com/uc?export=view&id=134Sf_XohGBLXhwEnC41XtzE0pKAq1Jo5,SITE tafawakdz / Cycle / Cycle_secondaire / Annee / 1as / matiere / arabe
1as,matiere,arabe,30926.pdf,https://drive.google.com/uc?export=view&id=1RpReEJhiLuLi77Wxwf1V9QQSpaTVioOC,SITE tafawakdz / Cycle / Cycle_secondaire / Annee / 1as / matiere / arabe
1as,matiere,arabe,30925.pdf,https://drive.google.com/uc?export=view&id=1nu0PMK2ML_yGggQdL-QWORaTFnmYUzQ2,SITE tafawakdz / Cycle / Cycle_secondaire / Annee / 1as / matiere / arabe
1as,matiere,arabe,30924.pdf,https://drive.google.com/uc?export=view&id=1GkDN4k8SGcuPVPLJQktDwvDpXafWmans,SITE tafawakdz / Cycle / Cycle_secondaire / Annee / 1as / matiere / arabe
1as,matiere,arabe,30922.pdf,https://drive.google.com/uc?export=view&id=1GmK2O1HrFIMX2v-imAdIr_BWZieWM2dg,SITE tafawakdz / Cycle / Cycle_secondaire / Annee / 1as / matiere / arabe
1as,matiere,arabe,30923.pdf,https://drive.google.com/uc?export=view&id=1e8T49UO02SpL6zqvShpJI2bVg0Wjn1nZ,SITE tafawakdz / Cycle / Cycle_secondaire / Annee / 1as / matiere / arabe
1as,matiere,arabe,30921.pdf,https://drive.google.com/uc?export=view&id=1XVFMxDxU43UcpcITlcI9WpOauC8R3iD1,SITE tafawakdz / Cycle / Cycle_secondaire / Annee / 1as / matiere / arabe
1as,matiere,arabe,30920.pdf,https://drive.google.com/uc?export=view&id=1A9Nakg2iGtBNJp7Seeqmf-sH5E34JqeP,SITE tafawakdz / Cycle / Cycle_secondaire / Annee / 1as / matiere / arabe
1as,matiere,arabe,30918.pdf,https://drive.google.com/uc?export=view&id=1KPN-z-M7XpuLYwaoHEs3Mk1asfByFSwu,SITE tafawakdz / Cycle / Cycle_secondaire / Annee / 1as / matiere / arabe
1as,matiere,arabe,30919.pdf,https://drive.google.com/uc?export=view&id=1zfbLpXwLS4pOwXTTzM2aScbJGOrolzl8,SITE tafawakdz / Cycle / Cycle_secondaire / Annee / 1as / matiere / arabe
1as,matiere,arabe,30917.pdf,https://drive.google.com/uc?export=view&id=1G1q5YlPDcpnN4WiKlnD4H49hNZgOo5wv,SITE tafawakdz / Cycle / Cycle_secondaire / Annee / 1as / matiere / arabe
1as,matiere,arabe,30916.pdf,https://drive.google.com/uc?export=view&id=1vWHgYMMwrdBt2tXW57uW7nN8tL_i7XYu,SITE tafawakdz / Cycle / Cycle_secondaire / Annee / 1as / matiere / arabe
1as,matiere,arabe,30915.pdf,https://drive.google.com/uc?export=view&id=1SY_yXAXD05T6w7Kj2gZ7YHl2SiwNxb2h,SITE tafawakdz / Cycle / Cycle_secondaire / Annee / 1as / matiere / arabe
1as,matiere,arabe,30914.pdf,https://drive.google.com/uc?export=view&id=1tjaCPpULuWpDRT2vGV-2LUEdCLlOgNSQ,SITE tafawakdz / Cycle / Cycle_secondaire / Annee / 1as / matiere / arabe
1as,matiere,arabe,30913.pdf,https://drive.google.com/uc?export=view&id=1zbFgDEkNBwuQuGVXShxpqNYwVojikuZR,SITE tafawakdz / Cycle / Cycle_secondaire / Annee / 1as / matiere / arabe
1as,matiere,arabe,30912.pdf,https://drive.google.com/uc?export=view&id=1rnzUfUSQzIhBaLIJNOVdLytbX07waehK,SITE tafawakdz / Cycle / Cycle_secondaire / Annee / 1as / matiere / arabe
1as,matiere,arabe,30911.pdf,https://drive.google.com/uc?export=view&id=1IgQn_gDYXd88762tSD_w1iR5nwWlhun8,SITE tafawakdz / Cycle / Cycle_secondaire / Annee / 1as / matiere / arabe
1as,matiere,arabe,30910.pdf,https://drive.google.com/uc?export=view&id=1N7kRdhAZWnu4rW_-c-1X0hf-wa6L_XsI,SITE tafawakdz / Cycle / Cycle_secondaire / Annee / 1as / matiere / arabe
1as,matiere,arabe,30909.pdf,https://drive.google.com/uc?export=view&id=1k3eUz5SGvCcgkuFy4if5SHCS4Vf12YT7,SITE tafawakdz / Cycle / Cycle_secondaire / Annee / 1as / matiere / arabe
1as,matiere,arabe,30908.pdf,https://drive.google.com/uc?export=view&id=1AXOhpZbkO4IDJIhkHh144OYpNXWQwixp,SITE tafawakdz / Cycle / Cycle_secondaire / Annee / 1as / matiere / arabe
1as,matiere,dessin,8324.pdf,https://drive.google.com/uc?export=view&id=1CGvKufpx-BeOI-m-eQWvi-jf7Tjrk0Cb,SITE tafawakdz / Cycle / Cycle_secondaire / Annee / 1as / matiere / dessin
1as,matiere,dessin,8323.pdf,https://drive.google.com/uc?export=view&id=19E4XeiolgItbySBOKEkcdeKzob3LyDTj,SITE tafawakdz / Cycle / Cycle_secondaire / Annee / 1as / matiere / dessin
1as,matiere,eng,8395.pdf,https://drive.google.com/uc?export=view&id=1PHGCeLQvGFbQm4PZyfXgrU2gKkTS4mkQ,SITE tafawakdz / Cycle / Cycle_secondaire / Annee / 1as / matiere / eng
1as,matiere,eng,8394.pdf,https://drive.google.com/uc?export=view&id=1n-OeQXWOf8mdWnqbtZQa9jOavSVxwSQN,SITE tafawakdz / Cycle / Cycle_secondaire / Annee / 1as / matiere / eng
1as,matiere,eng,8393.pdf,https://drive.google.com/uc?export=view&id=1AGFwIWawA1TwRXisFtEEm0PxsSdS_lA5,SITE tafawakdz / Cycle / Cycle_secondaire / Annee / 1as / matiere / eng
1as,matiere,eng,8392.pdf,https://drive.google.com/uc?export=view&id=1akbZo3HDKqASp99BRWTmngd-Z2AX4Afo,SITE tafawakdz / Cycle / Cycle_secondaire / Annee / 1as / matiere / eng
1as,matiere,eng,8391.pdf,https://drive.google.com/uc?export=view&id=19a9K-OOFxhT_PkP1IEaML3j-IJvoOsur,SITE tafawakdz / Cycle / Cycle_secondaire / Annee / 1as / matiere / eng
1as,matiere,eng,8389.pdf,https://drive.google.com/uc?export=view&id=1UEpL4r7gFkrA1Y__QkqPpjmrgqPxZYt4,SITE tafawakdz / Cycle / Cycle_secondaire / Annee / 1as / matiere / eng
1as,matiere,eng,8390.pdf,https://drive.google.com/uc?export=view&id=1wH99aqUAT_T-QdhUIR0HZZiocXnEe-w3,SITE tafawakdz / Cycle / Cycle_secondaire / Annee / 1as / matiere / eng
1as,matiere,eng,8388.pdf,https://drive.google.com/uc?export=view&id=1KXiDu6pZEsDVCkz-sbP2uQuKJ5_LxAm9,SITE tafawakdz / Cycle / Cycle_secondaire / Annee / 1as / matiere / eng
1as,matiere,eng,8387.pdf,https://drive.google.com/uc?export=view&id=1i1jJyQV0nFDzqEafLDrFG9UESfW7jVyc,SITE tafawakdz / Cycle / Cycle_secondaire / Annee / 1as / matiere / eng
1as,matiere,eng,8386.pdf,https://drive.google.com/uc?export=view&id=1QPoh-mXpxF8mMNkPlF7ZXy-Igb3d25av,SITE tafawakdz / Cycle / Cycle_secondaire / Annee / 1as / matiere / eng
1as,matiere,eng,8385.pdf,https://drive.google.com/uc?export=view&id=1Wx3Q7TfMqrEJZ90HHQ2IQ0N6l0y3bxza,SITE tafawakdz / Cycle / Cycle_secondaire / Annee / 1as / matiere / eng
1as,matiere,eng,8384.pdf,https://drive.google.com/uc?export=view&id=1t4uw_8EuAkwiKmAPZgkj3iF912NlVfan,SITE tafawakdz / Cycle / Cycle_secondaire / Annee / 1as / matiere / eng
1as,matiere,eng,8383.pdf,https://drive.google.com/uc?export=view&id=1shbODOJGjx_9Z6ILEyKnh3v_-0l06Bf7,SITE tafawakdz / Cycle / Cycle_secondaire / Annee / 1as / matiere / eng
1as,matiere,eng,8382.pdf,https://drive.google.com/uc?export=view&id=10u2zjB572k-6kqp-LKaDmTg6gnVM4FFe,SITE tafawakdz / Cycle / Cycle_secondaire / Annee / 1as / matiere / eng
1as,matiere,eng,8381.pdf,https://drive.google.com/uc?export=view&id=1DJ8j5RhrXo5fcsWpiNyyB8zbl0MTk9hA,SITE tafawakdz / Cycle / Cycle_secondaire / Annee / 1as / matiere / eng
1as,matiere,eng,8380.pdf,https://drive.google.com/uc?export=view&id=13UNg7pHrOWUIN38175I_jAdTvY18eUIn,SITE tafawakdz / Cycle / Cycle_secondaire / Annee / 1as / matiere / eng
1as,matiere,eng,8378.pdf,https://drive.google.com/uc?export=view&id=1Kv9D0m5jqHSg_m5Lmb_ZD_ky6tzJ18Qc,SITE tafawakdz / Cycle / Cycle_secondaire / Annee / 1as / matiere / eng
1as,matiere,eng,8379.pdf,https://drive.google.com/uc?export=view&id=1s2kP_vu6Qb5fGUKEMbqcvzXzxgSpjAiA,SITE tafawakdz / Cycle / Cycle_secondaire / Annee / 1as / matiere / eng
1as,matiere,eng,8377.pdf,https://drive.google.com/uc?export=view&id=1g28ahe4OF2exw1kXZbpStFDsIwSZut5H,SITE tafawakdz / Cycle / Cycle_secondaire / Annee / 1as / matiere / eng
1as,matiere,eng,8374.pdf,https://drive.google.com/uc?export=view&id=1TRRVq4N0u5At4wEQLJ-xsFi3EVSnx_WG,SITE tafawakdz / Cycle / Cycle_secondaire / Annee / 1as / matiere / eng
1as,matiere,eng,8376.pdf,https://drive.google.com/uc?export=view&id=1VRgKMkPJLaK4tq0nYpav0nvIHkSvzeM0,SITE tafawakdz / Cycle / Cycle_secondaire / Annee / 1as / matiere / eng
1as,matiere,eng,8375.pdf,https://drive.google.com/uc?export=view&id=1DwPtokvRA3kLs588pY7CqSPbsrk6ODBL,SITE tafawakdz / Cycle / Cycle_secondaire / Annee / 1as / matiere / eng
1as,matiere,eng,8371.pdf,https://drive.google.com/uc?export=view&id=1F1jp68qfzjXp9gRY9c2ee19pwndHj-Jp,SITE tafawakdz / Cycle / Cycle_secondaire / Annee / 1as / matiere / eng
1as,matiere,eng,8373.pdf,https://drive.google.com/uc?export=view&id=1u7s9X4hOx_teYMShGc0Z8ony86XtX1Pg,SITE tafawakdz / Cycle / Cycle_secondaire / Annee / 1as / matiere / eng
1as,matiere,eng,8372.pdf,https://drive.google.com/uc?export=view&id=1BhGhyBqVYUROI5V3BNlSOeVELYVTpW8z,SITE tafawakdz / Cycle / Cycle_secondaire / Annee / 1as / matiere / eng
1as,matiere,eng,8370.pdf,https://drive.google.com/uc?export=view&id=1OZlPr7TmpQwhvK5dCL8fJy8lvCwkaWWq,SITE tafawakdz / Cycle / Cycle_secondaire / Annee / 1as / matiere / eng
1as,matiere,eng,8369.pdf,https://drive.google.com/uc?export=view&id=1yJ9Foe7LHyv4cQ05J9ql6Jpiz_Fs5VcD,SITE tafawakdz / Cycle / Cycle_secondaire / Annee / 1as / matiere / eng
1as,matiere,eng,8368.pdf,https://drive.google.com/uc?export=view&id=1JUtinfTzkXF4XJ5E-HUC8ZSXD2hWwH-Z,SITE tafawakdz / Cycle / Cycle_secondaire / Annee / 1as / matiere / eng
1as,matiere,eng,8366.pdf,https://drive.google.com/uc?export=view&id=1Qwp_gnijebxnfbki6BOYT2qVPFwvfe92,SITE tafawakdz / Cycle / Cycle_secondaire / Annee / 1as / matiere / eng
1as,matiere,eng,8367.pdf,https://drive.google.com/uc?export=view&id=1uduiqhsnk4tCAB-Vm0didw27oqVS46UI,SITE tafawakdz / Cycle / Cycle_secondaire / Annee / 1as / matiere / eng
1as,matiere,eng,8365.pdf,https://drive.google.com/uc?export=view&id=1edWHK-9gRfuKOCRd5EbBkDRZZK_2YcQ1,SITE tafawakdz / Cycle / Cycle_secondaire / Annee / 1as / matiere / eng
1as,matiere,eng,8364.pdf,https://drive.google.com/uc?export=view&id=1Ctnt8bGGSiZjcGa7DH7CqyGnDQrOhQEY,SITE tafawakdz / Cycle / Cycle_secondaire / Annee / 1as / matiere / eng
1as,matiere,eng,8361.pdf,https://drive.google.com/uc?export=view&id=1uNo4UXvD8RoHTvNeFz4E7XzizdbHOI2T,SITE tafawakdz / Cycle / Cycle_secondaire / Annee / 1as / matiere / eng
1as,matiere,eng,8362.pdf,https://drive.google.com/uc?export=view&id=1xjIGZ_LTBdc2M9lNQpVtvaUTPUPSCA7d,SITE tafawakdz / Cycle / Cycle_secondaire / Annee / 1as / matiere / eng
1as,matiere,eng,8363.pdf,https://drive.google.com/uc?export=view&id=1zYc0UHOCibAY5wa-CWO_YRySImj6_Wbz,SITE tafawakdz / Cycle / Cycle_secondaire / Annee / 1as / matiere / eng
1as,matiere,eng,8360.pdf,https://drive.google.com/uc?export=view&id=1-YKEieW7FHSYtkMrCfkvJJFZ56q2J97M,SITE tafawakdz / Cycle / Cycle_secondaire / Annee / 1as / matiere / eng
1as,matiere,eng,8359.pdf,https://drive.google.com/uc?export=view&id=1TLjXSCz3gcntGElc51wF0CSAKvXI3YFh,SITE tafawakdz / Cycle / Cycle_secondaire / Annee / 1as / matiere / eng
1as,matiere,eng,8358.pdf,https://drive.google.com/uc?export=view&id=1yEvz_xNtrWsDywsNs8SY-THHVxqH4oKk,SITE tafawakdz / Cycle / Cycle_secondaire / Annee / 1as / matiere / eng
1as,matiere,eng,8357.pdf,https://drive.google.com/uc?export=view&id=1vwoBl3Sokc8nr88xH4p-DMBi3h9ji11t,SITE tafawakdz / Cycle / Cycle_secondaire / Annee / 1as / matiere / eng
1as,matiere,eng,8356.pdf,https://drive.google.com/uc?export=view&id=124dtJra8UXu3hM-ynbdUR2WkYq7xTe9I,SITE tafawakdz / Cycle / Cycle_secondaire / Annee / 1as / matiere / eng
1as,matiere,eng,8355.pdf,https://drive.google.com/uc?export=view&id=1mRoeOkvf4onenccV5FaU4R5d4soGsbY0,SITE tafawakdz / Cycle / Cycle_secondaire / Annee / 1as / matiere / eng
1as,matiere,eng,8354.pdf,https://drive.google.com/uc?export=view&id=1iUcYhoTIGK5hBfMJ-6xMp_83jzWAsspv,SITE tafawakdz / Cycle / Cycle_secondaire / Annee / 1as / matiere / eng
1as,matiere,eng,8353.pdf,https://drive.google.com/uc?export=view&id=121VH97sdCTRilVYdA6yolodrUOjzWuhv,SITE tafawakdz / Cycle / Cycle_secondaire / Annee / 1as / matiere / eng
1as,matiere,eng,8352.pdf,https://drive.google.com/uc?export=view&id=1wm9Kj81OqDUULye3gKpgOgaWk5t0lkyD,SITE tafawakdz / Cycle / Cycle_secondaire / Annee / 1as / matiere / eng
1as,matiere,eng,8351.pdf,https://drive.google.com/uc?export=view&id=18EQZ8jfExgwjQEyPJwzD3tFCoIaYlp4B,SITE tafawakdz / Cycle / Cycle_secondaire / Annee / 1as / matiere / eng
1as,matiere,eng,8349.pdf,https://drive.google.com/uc?export=view&id=1_ydYBboF9dgwgmH2BxfdmAQar8C0ixfF,SITE tafawakdz / Cycle / Cycle_secondaire / Annee / 1as / matiere / eng
1as,matiere,eng,8350.pdf,https://drive.google.com/uc?export=view&id=1r5yzXVVWcOaeYk09lFlA4_q2GyT6G62L,SITE tafawakdz / Cycle / Cycle_secondaire / Annee / 1as / matiere / eng
1as,matiere,eng,8347.pdf,https://drive.google.com/uc?export=view&id=1c275qVSMdlSTbSM_JPgS0kexuz-02ECU,SITE tafawakdz / Cycle / Cycle_secondaire / Annee / 1as / matiere / eng
1as,matiere,eng,8348.pdf,https://drive.google.com/uc?export=view&id=1nNeMgJsI_WTjqA3xEMzDCG0EX2BOOaWA,SITE tafawakdz / Cycle / Cycle_secondaire / Annee / 1as / matiere / eng
1as,matiere,eng,8346.pdf,https://drive.google.com/uc?export=view&id=1cIUnwQpHeu4G8JH-x78dVc34uYl-RH6X,SITE tafawakdz / Cycle / Cycle_secondaire / Annee / 1as / matiere / eng
1as,matiere,eng,8345.pdf,https://drive.google.com/uc?export=view&id=1s3yObbb4gRVSXMIPaEU_WQDpMFIJOdEB,SITE tafawakdz / Cycle / Cycle_secondaire / Annee / 1as / matiere / eng
1as,matiere,eng,8344.pdf,https://drive.google.com/uc?export=view&id=1otNBu9PkcRM8dz-_bW-7QfgQT0I2BbzX,SITE tafawakdz / Cycle / Cycle_secondaire / Annee / 1as / matiere / eng
1as,matiere,eng,8343.pdf,https://drive.google.com/uc?export=view&id=1sA-ziyB1Z_5sU2aso1pw1nvgu1mc0IGe,SITE tafawakdz / Cycle / Cycle_secondaire / Annee / 1as / matiere / eng
1as,matiere,eng,8342.pdf,https://drive.google.com/uc?export=view&id=1ZRzZnReEvMaAbwmlYiJ12pIi3NyVp9fn,SITE tafawakdz / Cycle / Cycle_secondaire / Annee / 1as / matiere / eng
1as,matiere,eng,8340.pdf,https://drive.google.com/uc?export=view&id=1-NSJTM1OBxiQKUuq8PvooxGrqGRfTmtT,SITE tafawakdz / Cycle / Cycle_secondaire / Annee / 1as / matiere / eng
1as,matiere,eng,8341.pdf,https://drive.google.com/uc?export=view&id=1rYDEg7CZN7I-LndYjXG8XrrIoOzMU2Rn,SITE tafawakdz / Cycle / Cycle_secondaire / Annee / 1as / matiere / eng
1as,matiere,eng,8339.pdf,https://drive.google.com/uc?export=view&id=1Zj_8VCDqO6X3BCkvx8VBjrXawU35XBEE,SITE tafawakdz / Cycle / Cycle_secondaire / Annee / 1as / matiere / eng
1as,matiere,eng,8337.pdf,https://drive.google.com/uc?export=view&id=11-pRfwQ6DY6Hmp1lipta4MTzwGhOZeDI,SITE tafawakdz / Cycle / Cycle_secondaire / Annee / 1as / matiere / eng
1as,matiere,eng,8338.pdf,https://drive.google.com/uc?export=view&id=14Txo-caR2ixUVEMRFixJffV5KjwWTApp,SITE tafawakdz / Cycle / Cycle_secondaire / Annee / 1as / matiere / eng
1as,matiere,eng,8336.pdf,https://drive.google.com/uc?export=view&id=1DofQlJB3FTyh_XPgS9YECNTW5QFDW7hi,SITE tafawakdz / Cycle / Cycle_secondaire / Annee / 1as / matiere / eng
1as,matiere,eng,8335.pdf,https://drive.google.com/uc?export=view&id=1RO6aTeMdE7Sjkp8P4nJXBTI10NmPx3vy,SITE tafawakdz / Cycle / Cycle_secondaire / Annee / 1as / matiere / eng
1as,matiere,eng,8334.pdf,https://drive.google.com/uc?export=view&id=1svF9kEdt0N4xNzAFpwUU5tpUA2zEtOh5,SITE tafawakdz / Cycle / Cycle_secondaire / Annee / 1as / matiere / eng
1as,matiere,eng,8333.pdf,https://drive.google.com/uc?export=view&id=1bzxAGbHPEntcmn-iUmqg6S9yGPME7JOu,SITE tafawakdz / Cycle / Cycle_secondaire / Annee / 1as / matiere / eng
1as,matiere,eng,31046.pdf,https://drive.google.com/uc?export=view&id=1H-gpMlersSGpEP-CG86kOH4buHmEkiau,SITE tafawakdz / Cycle / Cycle_secondaire / Annee / 1as / matiere / eng
1as,matiere,eng,31047.pdf,https://drive.google.com/uc?export=view&id=1qLkWdLV3oQNSByV3jcaElJ0mgL0aWVrh,SITE tafawakdz / Cycle / Cycle_secondaire / Annee / 1as / matiere / eng
1as,matiere,eng,31044.pdf,https://drive.google.com/uc?export=view&id=1sP-MQcfOLp4ftIAt6pQM5JkwFCeTes-e,SITE tafawakdz / Cycle / Cycle_secondaire / Annee / 1as / matiere / eng
1as,matiere,eng,31045.pdf,https://drive.google.com/uc?export=view&id=1uJrcnkwPvxPD0yLtUNQSiMElyEb0ihp0,SITE tafawakdz / Cycle / Cycle_secondaire / Annee / 1as / matiere / eng
1as,matiere,eng,31041.pdf,https://drive.google.com/uc?export=view&id=1MMaaWnI3lqGWuBIH9DRIv3ulSXbCgDRE,SITE tafawakdz / Cycle / Cycle_secondaire / Annee / 1as / matiere / eng
1as,matiere,eng,31043.pdf,https://drive.google.com/uc?export=view&id=1do19anBmVT-1BtRnAP7x2Mn6OdZQl7sH,SITE tafawakdz / Cycle / Cycle_secondaire / Annee / 1as / matiere / eng
1as,matiere,eng,31042.pdf,https://drive.google.com/uc?export=view&id=1tcjFXGjcI6PVKBpObBhFjE5Erv5DCOPh,SITE tafawakdz / Cycle / Cycle_secondaire / Annee / 1as / matiere / eng
1as,matiere,eng,31039.pdf,https://drive.google.com/uc?export=view&id=11qpUugO36mcvFfikCZsd9kh9dNmtXwGo,SITE tafawakdz / Cycle / Cycle_secondaire / Annee / 1as / matiere / eng
1as,matiere,eng,31040.pdf,https://drive.google.com/uc?export=view&id=1pj_iDMh9g0Jr7r794cy3OV2_gwAdELF9,SITE tafawakdz / Cycle / Cycle_secondaire / Annee / 1as / matiere / eng
1as,matiere,eng,31035.pdf,https://drive.google.com/uc?export=view&id=1QTkRBxm3hd_pEkcFQRHSi0KJ_LQHindp,SITE tafawakdz / Cycle / Cycle_secondaire / Annee / 1as / matiere / eng
1as,matiere,eng,31037.pdf,https://drive.google.com/uc?export=view&id=1ZEj4AvxvZITkY-CgI-06_FvueNBASnI6,SITE tafawakdz / Cycle / Cycle_secondaire / Annee / 1as / matiere / eng
1as,matiere,eng,31038.pdf,https://drive.google.com/uc?export=view&id=1o8-qKaJuBc7ckkScNCTOKik8nVv5c98d,SITE tafawakdz / Cycle / Cycle_secondaire / Annee / 1as / matiere / eng
1as,matiere,eng,31036.pdf,https://drive.google.com/uc?export=view&id=1pp0VBO8zNH_YKFB67PmjNZRWTYMhWSuj,SITE tafawakdz / Cycle / Cycle_secondaire / Annee / 1as / matiere / eng
1as,matiere,eng,31033.pdf,https://drive.google.com/uc?export=view&id=1CR1BbihWV-yS306Hf8oHSBFtx2pGButJ,SITE tafawakdz / Cycle / Cycle_secondaire / Annee / 1as / matiere / eng
1as,matiere,eng,31034.pdf,https://drive.google.com/uc?export=view&id=1Mf5JWrdeH6h9I1SSR7yX7hYN9RuUj2zD,SITE tafawakdz / Cycle / Cycle_secondaire / Annee / 1as / matiere / eng
1as,matiere,eng,31032.pdf,https://drive.google.com/uc?export=view&id=11Zcjo2ldGT-NVPAtDOGq9mxoMU3a08vg,SITE tafawakdz / Cycle / Cycle_secondaire / Annee / 1as / matiere / eng
1as,matiere,eng,31030.pdf,https://drive.google.com/uc?export=view&id=1-HgQDqczMUNmlZZDhpGhMt3QAp5VnShT,SITE tafawakdz / Cycle / Cycle_secondaire / Annee / 1as / matiere / eng
1as,matiere,eng,31031.pdf,https://drive.google.com/uc?export=view&id=1zP3pli_5lUeovy-YsZBdNIylTi-g_D3e,SITE tafawakdz / Cycle / Cycle_secondaire / Annee / 1as / matiere / eng
1as,matiere,eng,31029.pdf,https://drive.google.com/uc?export=view&id=1kOZRKo3aDYh_18lH77g0jpa-uK6ElYDe,SITE tafawakdz / Cycle / Cycle_secondaire / Annee / 1as / matiere / eng
1as,matiere,eng,31028.pdf,https://drive.google.com/uc?export=view&id=1Hb2eM25Ql8CmEFji5XxxaAdyhLdz3qQt,SITE tafawakdz / Cycle / Cycle_secondaire / Annee / 1as / matiere / eng
1as,matiere,eng,31026.pdf,https://drive.google.com/uc?export=view&id=1bInKeTpt9kECOPOfeyUGxpOKq0ohnUyZ,SITE tafawakdz / Cycle / Cycle_secondaire / Annee / 1as / matiere / eng
1as,matiere,eng,31027.pdf,https://drive.google.com/uc?export=view&id=1bMKOdg2YZ3Bno8fTtK7bzVMG4ENl6f2l,SITE tafawakdz / Cycle / Cycle_secondaire / Annee / 1as / matiere / eng
1as,matiere,eng,31023.pdf,https://drive.google.com/uc?export=view&id=1oKNSpzTMp0RkeIvpSLmg0kMjk_UyikcK,SITE tafawakdz / Cycle / Cycle_secondaire / Annee / 1as / matiere / eng
1as,matiere,eng,31024.pdf,https://drive.google.com/uc?export=view&id=1qBsan8eE0-rHocX9x-_juHv0yq5PCIuK,SITE tafawakdz / Cycle / Cycle_secondaire / Annee / 1as / matiere / eng
1as,matiere,eng,31025.pdf,https://drive.google.com/uc?export=view&id=1sBgHuJOwMnfNLfmT4dmA17WcqBjt1KJi,SITE tafawakdz / Cycle / Cycle_secondaire / Annee / 1as / matiere / eng
1as,matiere,eng,31022.pdf,https://drive.google.com/uc?export=view&id=107KZAf_g150hiaprCsawmWvxcx9Rue_N,SITE tafawakdz / Cycle / Cycle_secondaire / Annee / 1as / matiere / eng
1as,matiere,eng,31021.pdf,https://drive.google.com/uc?export=view&id=1OmJwxu5_C5XQ3HcPkF7N2aDqgh6fFWfs,SITE tafawakdz / Cycle / Cycle_secondaire / Annee / 1as / matiere / eng
1as,matiere,eng,31020.pdf,https://drive.google.com/uc?export=view&id=11vKycHxnLIR_3zdcrkvvrSYRozFEfzcd,SITE tafawakdz / Cycle / Cycle_secondaire / Annee / 1as / matiere / eng
1as,matiere,eng,31019.pdf,https://drive.google.com/uc?export=view&id=1BBc2LIivUCunmNCEAsYLvoN-lYGZpr5t,SITE tafawakdz / Cycle / Cycle_secondaire / Annee / 1as / matiere / eng
1as,matiere,eng,31018.pdf,https://drive.google.com/uc?export=view&id=1GxQ1ZrBYJ5WhyQ9KgoWNotN0Jnu9UZcL,SITE tafawakdz / Cycle / Cycle_secondaire / Annee / 1as / matiere / eng
1as,matiere,eng,31015.pdf,https://drive.google.com/uc?export=view&id=1XdiCq91DvvGYjcLPYDSta66mAz10ZKaU,SITE tafawakdz / Cycle / Cycle_secondaire / Annee / 1as / matiere / eng
1as,matiere,eng,31017.pdf,https://drive.google.com/uc?export=view&id=1yQA_9cMoHi8fD0AmAGTSpk8U6zSWq6IT,SITE tafawakdz / Cycle / Cycle_secondaire / Annee / 1as / matiere / eng
1as,matiere,eng,31016.pdf,https://drive.google.com/uc?export=view&id=1ya1fUHU0IQhgLaWJUQPuhOzDMkfiMHBb,SITE tafawakdz / Cycle / Cycle_secondaire / Annee / 1as / matiere / eng
1as,matiere,eng,31014.pdf,https://drive.google.com/uc?export=view&id=100r5TTDLk2WN_cr6AQMbSYZLjnSzHhCy,SITE tafawakdz / Cycle / Cycle_secondaire / Annee / 1as / matiere / eng
1as,matiere,eng,31013.pdf,https://drive.google.com/uc?export=view&id=1HVPUQfgzJLUvaJT0n3pcUcsmcOIBJbrE,SITE tafawakdz / Cycle / Cycle_secondaire / Annee / 1as / matiere / eng
1as,matiere,eng,31012.pdf,https://drive.google.com/uc?export=view&id=1Xsirh0IY-MOPV2GYFwM-miUpDkX3Rqht,SITE tafawakdz / Cycle / Cycle_secondaire / Annee / 1as / matiere / eng
1as,matiere,eng,31011.pdf,https://drive.google.com/uc?export=view&id=1j-EYB-Ydh1_lD9AxX2H_7vGbG7hyHnCp,SITE tafawakdz / Cycle / Cycle_secondaire / Annee / 1as / matiere / eng
1as,matiere,info,8885.pdf,https://drive.google.com/uc?export=view&id=11PzobXkOTdmykxM6cL5i5iIpccNAM5V-,SITE tafawakdz / Cycle / Cycle_secondaire / Annee / 1as / matiere / info
1as,matiere,info,8886.pdf,https://drive.google.com/uc?export=view&id=1fv7gWvbm4unLbT1iPcfTtzu4pfxGndSr,SITE tafawakdz / Cycle / Cycle_secondaire / Annee / 1as / matiere / info
1as,matiere,info,8887.pdf,https://drive.google.com/uc?export=view&id=1jYU4pochuPY5DDeVQ1583misUOLM3dq4,SITE tafawakdz / Cycle / Cycle_secondaire / Annee / 1as / matiere / info
1as,matiere,info,8883.pdf,https://drive.google.com/uc?export=view&id=1i5E_oLMl-ZQEmJ3vjZTloxigM_4l0Q05,SITE tafawakdz / Cycle / Cycle_secondaire / Annee / 1as / matiere / info
1as,matiere,info,8884.pdf,https://drive.google.com/uc?export=view&id=1rNq1puGapE-32MtcHJLWS_17Sf_AYhwO,SITE tafawakdz / Cycle / Cycle_secondaire / Annee / 1as / matiere / info
1as,matiere,info,8880.pdf,https://drive.google.com/uc?export=view&id=1GSSBnHnn9v_9ZS57nnZgyKMeTzsSZwCs,SITE tafawakdz / Cycle / Cycle_secondaire / Annee / 1as / matiere / info
1as,matiere,info,8882.pdf,https://drive.google.com/uc?export=view&id=1jZADzILhAwdR2oPM9wkjmhs4VyytW5w9,SITE tafawakdz / Cycle / Cycle_secondaire / Annee / 1as / matiere / info
1as,matiere,info,8881.pdf,https://drive.google.com/uc?export=view&id=1mFoS9ZQkejbKWDeKmvytvo2N7mn3iaZG,SITE tafawakdz / Cycle / Cycle_secondaire / Annee / 1as / matiere / info
1as,matiere,info,8879.pdf,https://drive.google.com/uc?export=view&id=1i7D_GZU1GzWwZcLEVgliZBGChnOQdQWW,SITE tafawakdz / Cycle / Cycle_secondaire / Annee / 1as / matiere / info
1as,matiere,info,8878.pdf,https://drive.google.com/uc?export=view&id=1B6uEoX9SRl7IEOtzVMo2uA8AyJLsxRol,SITE tafawakdz / Cycle / Cycle_secondaire / Annee / 1as / matiere / info
1as,matiere,info,8877.pdf,https://drive.google.com/uc?export=view&id=1ViS5PZnOwRHF1JoyujUAo83ji5JvBZg8,SITE tafawakdz / Cycle / Cycle_secondaire / Annee / 1as / matiere / info
1as,matiere,info,8876.pdf,https://drive.google.com/uc?export=view&id=1G1GvVQJkbwjWOPMlI8PXVg7rRCqaRL4s,SITE tafawakdz / Cycle / Cycle_secondaire / Annee / 1as / matiere / info
1as,matiere,info,8874.pdf,https://drive.google.com/uc?export=view&id=1QdWGhO1BTbZkmM1oWH63XiD0WLTCNQL5,SITE tafawakdz / Cycle / Cycle_secondaire / Annee / 1as / matiere / info
1as,matiere,info,8875.pdf,https://drive.google.com/uc?export=view&id=1ie4UJBPJ7ILZq8UvxHPKBrMFHW4aP-og,SITE tafawakdz / Cycle / Cycle_secondaire / Annee / 1as / matiere / info
1as,matiere,info,8873.pdf,https://drive.google.com/uc?export=view&id=13HX9GjGLspogkxYJGAEylzklkIjXfywt,SITE tafawakdz / Cycle / Cycle_secondaire / Annee / 1as / matiere / info
1as,matiere,info,8872.pdf,https://drive.google.com/uc?export=view&id=1b_DbXENloTeuVz24oh3guyBXBo18wOss,SITE tafawakdz / Cycle / Cycle_secondaire / Annee / 1as / matiere / info
1as,matiere,info,8871.pdf,https://drive.google.com/uc?export=view&id=1OwFfrGKyvv31ANGBxFMUoZKLGXc9RpE0,SITE tafawakdz / Cycle / Cycle_secondaire / Annee / 1as / matiere / info
1as,matiere,info,8869.pdf,https://drive.google.com/uc?export=view&id=1-BxjjY2DjPSom7CxzO-2RhWBIuP4LJmL,SITE tafawakdz / Cycle / Cycle_secondaire / Annee / 1as / matiere / info
1as,matiere,info,8870.pdf,https://drive.google.com/uc?export=view&id=1Ndd_0KCqbSfBA-xqlbR_F-cIs250AgxS,SITE tafawakdz / Cycle / Cycle_secondaire / Annee / 1as / matiere / info
1as,matiere,info,8867.pdf,https://drive.google.com/uc?export=view&id=1LhhmGYIqvMieqV7NraDS9x7w4BeCneGA,SITE tafawakdz / Cycle / Cycle_secondaire / Annee / 1as / matiere / info
1as,matiere,info,8868.pdf,https://drive.google.com/uc?export=view&id=1zeg9I2HaDO_hPHhUpfFGWYU7a4Ai2wr0,SITE tafawakdz / Cycle / Cycle_secondaire / Annee / 1as / matiere / info
1as,matiere,info,8866.pdf,https://drive.google.com/uc?export=view&id=1jlevCv9hGU-PFM7f4IfWm4Y6NTNziLz7,SITE tafawakdz / Cycle / Cycle_secondaire / Annee / 1as / matiere / info
1as,matiere,info,8865.pdf,https://drive.google.com/uc?export=view&id=1HH6Dtyetm2TbjOkbPv0Hng4QczC8yuWj,SITE tafawakdz / Cycle / Cycle_secondaire / Annee / 1as / matiere / info
1as,matiere,info,8864.pdf,https://drive.google.com/uc?export=view&id=1dty7-J8bZJ27aPEkVxzvfpwcrd2HzUgv,SITE tafawakdz / Cycle / Cycle_secondaire / Annee / 1as / matiere / info
1as,matiere,info,8863.pdf,https://drive.google.com/uc?export=view&id=1KliTgv0EWQeLQMbGTHcOsAD-kn0RMM1_,SITE tafawakdz / Cycle / Cycle_secondaire / Annee / 1as / matiere / info
1as,matiere,info,8862.pdf,https://drive.google.com/uc?export=view&id=12Mc9XWvOslNXodv2FWSScIVOVkg0MWJe,SITE tafawakdz / Cycle / Cycle_secondaire / Annee / 1as / matiere / info
1as,matiere,info,8861.pdf,https://drive.google.com/uc?export=view&id=1_kz7oBKOXS-cfP2VBKmxrfNfvIpP693_,SITE tafawakdz / Cycle / Cycle_secondaire / Annee / 1as / matiere / info
1as,matiere,info,8860.pdf,https://drive.google.com/uc?export=view&id=1rrlSyISz5rShtE0uF4dKhVc4_MnFpk1h,SITE tafawakdz / Cycle / Cycle_secondaire / Annee / 1as / matiere / info
1as,matiere,info,8859.pdf,https://drive.google.com/uc?export=view&id=18PZaNbdggJM0VGJiyqMTA7itmEMAPpAJ,SITE tafawakdz / Cycle / Cycle_secondaire / Annee / 1as / matiere / info
1as,matiere,info,8857.pdf,https://drive.google.com/uc?export=view&id=1WqlBOBT2grm-VWUycL3Cim-xGRAMelyT,SITE tafawakdz / Cycle / Cycle_secondaire / Annee / 1as / matiere / info
1as,matiere,info,8858.pdf,https://drive.google.com/uc?export=view&id=1kvPM4gM53PpdfT7tlhdXMOq-fHuGlzgG,SITE tafawakdz / Cycle / Cycle_secondaire / Annee / 1as / matiere / info
1as,matiere,info,8856.pdf,https://drive.google.com/uc?export=view&id=1A9GWAgWiVVfRHAHrKOrdOTaxr1brJWML,SITE tafawakdz / Cycle / Cycle_secondaire / Annee / 1as / matiere / info
1as,matiere,info,8855.pdf,https://drive.google.com/uc?export=view&id=1FHi04sLMspqLmiXrL_x5yZsmG2XTEahi,SITE tafawakdz / Cycle / Cycle_secondaire / Annee / 1as / matiere / info
1as,matiere,info,8854.pdf,https://drive.google.com/uc?export=view&id=13M0vY4ba0QW6bsYcEOxv1UvyrImoiM4T,SITE tafawakdz / Cycle / Cycle_secondaire / Annee / 1as / matiere / info
1as,matiere,info,8853.pdf,https://drive.google.com/uc?export=view&id=1NBtgvuDDGI6RHMpUE0jFA2L4vzJXRmFT,SITE tafawakdz / Cycle / Cycle_secondaire / Annee / 1as / matiere / info
1as,matiere,info,8852.pdf,https://drive.google.com/uc?export=view&id=18gc1Jz73MMlYpWx7RfmfL7hwXA59nJEQ,SITE tafawakdz / Cycle / Cycle_secondaire / Annee / 1as / matiere / info
1as,matiere,info,8851.pdf,https://drive.google.com/uc?export=view&id=1Scoxgdmeiygvc1GIJk8hU6nORyJTGoUs,SITE tafawakdz / Cycle / Cycle_secondaire / Annee / 1as / matiere / info
1as,matiere,info,8849.pdf,https://drive.google.com/uc?export=view&id=1Gqp-StQmMMJp76G-yUE-47Jrvq0z0wk7,SITE tafawakdz / Cycle / Cycle_secondaire / Annee / 1as / matiere / info
1as,matiere,info,8850.pdf,https://drive.google.com/uc?export=view&id=1Us8t0mKujgxTQnRc3xBv1RX2Mc6q7lgf,SITE tafawakdz / Cycle / Cycle_secondaire / Annee / 1as / matiere / info
1as,matiere,info,8848.pdf,https://drive.google.com/uc?export=view&id=1zFRw_t6sHYvO8Prh-WtHA7dbgn9KPRCF,SITE tafawakdz / Cycle / Cycle_secondaire / Annee / 1as / matiere / info
1as,matiere,info,8847.pdf,https://drive.google.com/uc?export=view&id=1cbLoczPY-8sG5_ACrHZU6x2soqG1vrhg,SITE tafawakdz / Cycle / Cycle_secondaire / Annee / 1as / matiere / info
1as,matiere,info,8846.pdf,https://drive.google.com/uc?export=view&id=1LBZ9ARTPde9w9IxwA7BxuWVcDwYrKl4M,SITE tafawakdz / Cycle / Cycle_secondaire / Annee / 1as / matiere / info
1as,matiere,info,8844.pdf,https://drive.google.com/uc?export=view&id=1M3Y4qKfNh2eLwJLWY0r1WQfKhdeShWGf,SITE tafawakdz / Cycle / Cycle_secondaire / Annee / 1as / matiere / info
1as,matiere,info,8845.pdf,https://drive.google.com/uc?export=view&id=1o8JK1gVMQGcvNxNDG16MoGKRrDmwNDfX,SITE tafawakdz / Cycle / Cycle_secondaire / Annee / 1as / matiere / info
1as,matiere,info,8843.pdf,https://drive.google.com/uc?export=view&id=1DHaVCXWcH5gIPbJweZi5BAXFpKr6Yy2t,SITE tafawakdz / Cycle / Cycle_secondaire / Annee / 1as / matiere / info
1as,matiere,info,8842.pdf,https://drive.google.com/uc?export=view&id=1WuogCwptSFyQbD1xLpWdCW4LS2cp_9bo,SITE tafawakdz / Cycle / Cycle_secondaire / Annee / 1as / matiere / info
1as,matiere,info,8840.pdf,https://drive.google.com/uc?export=view&id=16r4RHV5tgmMKww-Jj-uAR6eH17Ffj95D,SITE tafawakdz / Cycle / Cycle_secondaire / Annee / 1as / matiere / info
1as,matiere,info,8841.pdf,https://drive.google.com/uc?export=view&id=1QUzZ740XmTBVneNeqNiexKTTysxK4XAz,SITE tafawakdz / Cycle / Cycle_secondaire / Annee / 1as / matiere / info
1as,matiere,info,8839.pdf,https://drive.google.com/uc?export=view&id=1IF08BDko6LEYWqNdpiMt8TzX_W1PZYtW,SITE tafawakdz / Cycle / Cycle_secondaire / Annee / 1as / matiere / info
1as,matiere,info,8837.pdf,https://drive.google.com/uc?export=view&id=1Pvg21eF2dRQ2pb_75UIjbMXFLuTrjzZQ,SITE tafawakdz / Cycle / Cycle_secondaire / Annee / 1as / matiere / info
1as,matiere,info,8838.pdf,https://drive.google.com/uc?export=view&id=1foh691EuEmXgEdbQw6jxr3nz7h2aakPI,SITE tafawakdz / Cycle / Cycle_secondaire / Annee / 1as / matiere / info
1as,matiere,info,8836.pdf,https://drive.google.com/uc?export=view&id=1D6IvdGSSoAPtaWhiycEh0Nt-iAJy5mtz,SITE tafawakdz / Cycle / Cycle_secondaire / Annee / 1as / matiere / info
1as,matiere,info,8835.pdf,https://drive.google.com/uc?export=view&id=1Sg_Or_ZOXxBCx71R_cejTyrSSHl1YQRL,SITE tafawakdz / Cycle / Cycle_secondaire / Annee / 1as / matiere / info
1as,matiere,info,8834.pdf,https://drive.google.com/uc?export=view&id=1XExwRLORCjV_8QDn3ccTnxZObX1p97cT,SITE tafawakdz / Cycle / Cycle_secondaire / Annee / 1as / matiere / info
1as,matiere,info,8831.pdf,https://drive.google.com/uc?export=view&id=1DY9DgrCdrrkMZJ8NHLg-cPIdOuRkni-Q,SITE tafawakdz / Cycle / Cycle_secondaire / Annee / 1as / matiere / info
1as,matiere,info,8833.pdf,https://drive.google.com/uc?export=view&id=1_kSAZ3RDktnNs9262Zv5ljuVNzDVsyCx,SITE tafawakdz / Cycle / Cycle_secondaire / Annee / 1as / matiere / info
1as,matiere,info,8832.pdf,https://drive.google.com/uc?export=view&id=1g-unqgBpex20gK5MPyKc9cs2rjlq8ARX,SITE tafawakdz / Cycle / Cycle_secondaire / Annee / 1as / matiere / info
1as,matiere,info,8830.pdf,https://drive.google.com/uc?export=view&id=1rb8M9Di_qt7VcsG4cXfWqBR6sl9Zob3E,SITE tafawakdz / Cycle / Cycle_secondaire / Annee / 1as / matiere / info
1as,matiere,info,8829.pdf,https://drive.google.com/uc?export=view&id=18pII0KkG3Qy0EOYm50KjsPBjmCWTd5nl,SITE tafawakdz / Cycle / Cycle_secondaire / Annee / 1as / matiere / info
1as,matiere,info,8827.pdf,https://drive.google.com/uc?export=view&id=1H5iusgdEYfsokaO7WW3K9ZujWb2RrS6u,SITE tafawakdz / Cycle / Cycle_secondaire / Annee / 1as / matiere / info
1as,matiere,info,8828.pdf,https://drive.google.com/uc?export=view&id=1XKGswJN4RvUnLzK_i3uTNHRcKBn01h2A,SITE tafawakdz / Cycle / Cycle_secondaire / Annee / 1as / matiere / info
1as,matiere,info,8826.pdf,https://drive.google.com/uc?export=view&id=1zlIG6XkZUekuVVLbzl1RowIgw_QFf9Zo,SITE tafawakdz / Cycle / Cycle_secondaire / Annee / 1as / matiere / info
1as,matiere,info,8825.pdf,https://drive.google.com/uc?export=view&id=1XBanKU7n9tHBg9_IA64nDK2HxlFVyg3H,SITE tafawakdz / Cycle / Cycle_secondaire / Annee / 1as / matiere / info
1as,matiere,info,8823.pdf,https://drive.google.com/uc?export=view&id=1Eu7kOXQcPfBKFcvYUMYsxn8D4LX9Xlhf,SITE tafawakdz / Cycle / Cycle_secondaire / Annee / 1as / matiere / info
1as,matiere,info,8824.pdf,https://drive.google.com/uc?export=view&id=1ozl8o-8Gp-2A3QKLcn5CS8qTkfywPtT0,SITE tafawakdz / Cycle / Cycle_secondaire / Annee / 1as / matiere / info
1as,matiere,info,8822.pdf,https://drive.google.com/uc?export=view&id=1Lv-tDOnSw4rUMc7SlG0zmB2qNCJmEtcG,SITE tafawakdz / Cycle / Cycle_secondaire / Annee / 1as / matiere / info
1as,matiere,info,8821.pdf,https://drive.google.com/uc?export=view&id=1S81HCNr1B0UZpylUeWV_v9nZyLrOSATr,SITE tafawakdz / Cycle / Cycle_secondaire / Annee / 1as / matiere / info
1as,matiere,info,8820.pdf,https://drive.google.com/uc?export=view&id=1NAFM4A3JmXdeIiNKVcEAi1xoXPqnNwsM,SITE tafawakdz / Cycle / Cycle_secondaire / Annee / 1as / matiere / info
1as,matiere,info,8819.pdf,https://drive.google.com/uc?export=view&id=1dOxn4J5RJO5wgQ0xDkYdXziqwEcFzLFC,SITE tafawakdz / Cycle / Cycle_secondaire / Annee / 1as / matiere / info
1as,matiere,info,8818.pdf,https://drive.google.com/uc?export=view&id=1lEZrDV9Ro2F5FfGqT1k6LS9CVFSFwZz9,SITE tafawakdz / Cycle / Cycle_secondaire / Annee / 1as / matiere / info
1as,matiere,info,8817.pdf,https://drive.google.com/uc?export=view&id=1HB1WvYK1kCP_Hpc0_Sr_oH7EUyZsgHM9,SITE tafawakdz / Cycle / Cycle_secondaire / Annee / 1as / matiere / info
1as,matiere,info,8816.pdf,https://drive.google.com/uc?export=view&id=1KLZZGZ9oofn0NqZAzTWm1VkUiNnkBXLz,SITE tafawakdz / Cycle / Cycle_secondaire / Annee / 1as / matiere / info
1as,matiere,info,8815.pdf,https://drive.google.com/uc?export=view&id=1zTQqwGNyI1xbdICJqgXa29x5FlLm2ebo,SITE tafawakdz / Cycle / Cycle_secondaire / Annee / 1as / matiere / info
1as,matiere,info,8814.pdf,https://drive.google.com/uc?export=view&id=1YFSwo8V18EtjfEb31K48PZQIGV7tR6Z9,SITE tafawakdz / Cycle / Cycle_secondaire / Annee / 1as / matiere / info
1as,matiere,info,8813.pdf,https://drive.google.com/uc?export=view&id=1ZLD70ECtVbR50W__JjGmzyVMM6ORGXk_,SITE tafawakdz / Cycle / Cycle_secondaire / Annee / 1as / matiere / info
1as,matiere,info,8812.pdf,https://drive.google.com/uc?export=view&id=1s15T_YaZWVXGw1zXI80RqTrsEbPa7IWf,SITE tafawakdz / Cycle / Cycle_secondaire / Annee / 1as / matiere / info
1as,matiere,info,8811.pdf,https://drive.google.com/uc?export=view&id=1RKdRz4gtv-u7JK7LTrTO-N3lSrCr-Jw1,SITE tafawakdz / Cycle / Cycle_secondaire / Annee / 1as / matiere / info
1as,matiere,info,8810.pdf,https://drive.google.com/uc?export=view&id=1EnKM_5W9U7dibLp__5NcljbPrTUrPWXr,SITE tafawakdz / Cycle / Cycle_secondaire / Annee / 1as / matiere / info
1as,matiere,info,8808.pdf,https://drive.google.com/uc?export=view&id=1FL6Fue8H8f3QIhWn04vhnmtN6o2bvLYT,SITE tafawakdz / Cycle / Cycle_secondaire / Annee / 1as / matiere / info
1as,matiere,info,8809.pdf,https://drive.google.com/uc?export=view&id=1jhJrPS6I0nCrAfP34RqwuEkqDSQCeGqk,SITE tafawakdz / Cycle / Cycle_secondaire / Annee / 1as / matiere / info
1as,matiere,info,8807.pdf,https://drive.google.com/uc?export=view&id=1mG3LT0EobgXv5ukzMYcr_mgEYPc8E_Ka,SITE tafawakdz / Cycle / Cycle_secondaire / Annee / 1as / matiere / info
1as,matiere,info,8806.pdf,https://drive.google.com/uc?export=view&id=1B2_5fmAk-4OQvE-jokZ2tR6WsTw4gMlm,SITE tafawakdz / Cycle / Cycle_secondaire / Annee / 1as / matiere / info
1as,matiere,info,8803.pdf,https://drive.google.com/uc?export=view&id=15BV4onSWjiN3ntHPEoAHM7-zqTk_gzWc,SITE tafawakdz / Cycle / Cycle_secondaire / Annee / 1as / matiere / info
1as,matiere,info,8804.pdf,https://drive.google.com/uc?export=view&id=1Dy2AuEURKzFPKAKaiJxmFAVVU-bw_1to,SITE tafawakdz / Cycle / Cycle_secondaire / Annee / 1as / matiere / info
1as,matiere,info,8805.pdf,https://drive.google.com/uc?export=view&id=1abwzKp9tLLpyw7bzJI6rRqFNhJOJL1lV,SITE tafawakdz / Cycle / Cycle_secondaire / Annee / 1as / matiere / info
1as,matiere,info,8802.pdf,https://drive.google.com/uc?export=view&id=1TFa_1EFzljIPKjgGeH4Jc4GaXoR2YK08,SITE tafawakdz / Cycle / Cycle_secondaire / Annee / 1as / matiere / info
1as,matiere,info,8801.pdf,https://drive.google.com/uc?export=view&id=1Lvjmzj-wAWLpueBgKYuR1PEEIVFlhVr7,SITE tafawakdz / Cycle / Cycle_secondaire / Annee / 1as / matiere / info
1as,matiere,info,8799.pdf,https://drive.google.com/uc?export=view&id=1G_lKcaXmYyd9TOCDeKc_vsIdU06nxspT,SITE tafawakdz / Cycle / Cycle_secondaire / Annee / 1as / matiere / info
1as,matiere,info,8800.pdf,https://drive.google.com/uc?export=view&id=1QN13AAB4Ya2xcSRVAGHE_Y8XNyibVBEE,SITE tafawakdz / Cycle / Cycle_secondaire / Annee / 1as / matiere / info
1as,matiere,info,8798.pdf,https://drive.google.com/uc?export=view&id=1Mbb80Ouf4c7emLTGTTpuY2YPrGrePJbt,SITE tafawakdz / Cycle / Cycle_secondaire / Annee / 1as / matiere / info
1as,matiere,info,8797.pdf,https://drive.google.com/uc?export=view&id=19zNSzyfl4bQhnzm6nfnbzNz2VQ5cfde_,SITE tafawakdz / Cycle / Cycle_secondaire / Annee / 1as / matiere / info
1as,matiere,info,8796.pdf,https://drive.google.com/uc?export=view&id=10oVk_yonwT6uaqTuuyaG3oinzN4Rxzwc,SITE tafawakdz / Cycle / Cycle_secondaire / Annee / 1as / matiere / info
1as,matiere,info,8795.pdf,https://drive.google.com/uc?export=view&id=1QecaE3jjisiA7EjqRsjdj8fce9yyy8pZ,SITE tafawakdz / Cycle / Cycle_secondaire / Annee / 1as / matiere / info
1as,matiere,info,31167.pdf,https://drive.google.com/uc?export=view&id=1nTVDid046AgqgI6qeBxtSaoqOvHrfCl3,SITE tafawakdz / Cycle / Cycle_secondaire / Annee / 1as / matiere / info
1as,matiere,info,31166.pdf,https://drive.google.com/uc?export=view&id=1MchP2AMTp6QYV3-CFn0je4_yQYTaFSp0,SITE tafawakdz / Cycle / Cycle_secondaire / Annee / 1as / matiere / info
1as,matiere,info,31165.pdf,https://drive.google.com/uc?export=view&id=13NqBLs2MnEXEhLhQb9aswT37FtmoXvmW,SITE tafawakdz / Cycle / Cycle_secondaire / Annee / 1as / matiere / info
1as,matiere,info,31164.pdf,https://drive.google.com/uc?export=view&id=1XkJNynlumrfw8T4I9lVac8-gVvQXf_en,SITE tafawakdz / Cycle / Cycle_secondaire / Annee / 1as / matiere / info
1as,matiere,info,31163.pdf,https://drive.google.com/uc?export=view&id=1X9d46Sd_HQ4sizsh5A9xFbzZH5VFeZ0x,SITE tafawakdz / Cycle / Cycle_secondaire / Annee / 1as / matiere / info
1as,matiere,info,31162.pdf,https://drive.google.com/uc?export=view&id=1LJWV6Cn4QkbaFfitzq4G1K1Fr7VEPE6F,SITE tafawakdz / Cycle / Cycle_secondaire / Annee / 1as / matiere / info
1as,matiere,info,31161.pdf,https://drive.google.com/uc?export=view&id=1ztI_sCqF3ys5CJuhurFtMQdQzAMf5SoO,SITE tafawakdz / Cycle / Cycle_secondaire / Annee / 1as / matiere / info
1as,matiere,fr,8451.pdf,https://drive.google.com/uc?export=view&id=1Hn0LoDMrx7TfhO96drwXQhZNjcJgDTX2,SITE tafawakdz / Cycle / Cycle_secondaire / Annee / 1as / matiere / fr
1as,matiere,fr,8449.pdf,https://drive.google.com/uc?export=view&id=1WFLSEXCTcchBVdnROmWGRR4VLqk86fV5,SITE tafawakdz / Cycle / Cycle_secondaire / Annee / 1as / matiere / fr
1as,matiere,fr,8450.pdf,https://drive.google.com/uc?export=view&id=1Hnh-G2PpnPi4cYYBFidHD6y2zn4Mzgah,SITE tafawakdz / Cycle / Cycle_secondaire / Annee / 1as / matiere / fr
1as,matiere,fr,8448.pdf,https://drive.google.com/uc?export=view&id=1DJiwXGQFJPDLWbPTPvj8DEZPE1pqJ2go,SITE tafawakdz / Cycle / Cycle_secondaire / Annee / 1as / matiere / fr
1as,matiere,fr,8446.pdf,https://drive.google.com/uc?export=view&id=11yrCGdPtrfi1umCAQo_AAMnTgfh4tToO,SITE tafawakdz / Cycle / Cycle_secondaire / Annee / 1as / matiere / fr
1as,matiere,fr,8447.pdf,https://drive.google.com/uc?export=view&id=1FdycWB_YwDMP7dPL35GtOBEMezPzV_pn,SITE tafawakdz / Cycle / Cycle_secondaire / Annee / 1as / matiere / fr
1as,matiere,fr,8445.pdf,https://drive.google.com/uc?export=view&id=1OGe8nEN8PLSLIn_PEVsKEHtM9HWSVkHp,SITE tafawakdz / Cycle / Cycle_secondaire / Annee / 1as / matiere / fr
1as,matiere,fr,8443.pdf,https://drive.google.com/uc?export=view&id=14RgMbZRQhu3Mgf2n6Yg3FuEyQdKtcbgQ,SITE tafawakdz / Cycle / Cycle_secondaire / Annee / 1as / matiere / fr
1as,matiere,fr,8444.pdf,https://drive.google.com/uc?export=view&id=1_2l0Xem-RbJCHteIWOasA5wEAS7NsC8E,SITE tafawakdz / Cycle / Cycle_secondaire / Annee / 1as / matiere / fr
1as,matiere,fr,8442.pdf,https://drive.google.com/uc?export=view&id=10uWz0Qv_o8Mbd3OG4HTMOPPQmhIRkXgg,SITE tafawakdz / Cycle / Cycle_secondaire / Annee / 1as / matiere / fr
1as,matiere,fr,8441.pdf,https://drive.google.com/uc?export=view&id=1N17FL8M5HSBOnEIsW5QTVW_x45FlF4oU,SITE tafawakdz / Cycle / Cycle_secondaire / Annee / 1as / matiere / fr
1as,matiere,fr,8440.pdf,https://drive.google.com/uc?export=view&id=1Yu0V8k4mcfAWHG1AjYozUHzTt61oWK7B,SITE tafawakdz / Cycle / Cycle_secondaire / Annee / 1as / matiere / fr
1as,matiere,fr,8439.pdf,https://drive.google.com/uc?export=view&id=1oyyJ-qqubu4O_yyNzrIZSui5GbKEdTrx,SITE tafawakdz / Cycle / Cycle_secondaire / Annee / 1as / matiere / fr
1as,matiere,fr,8438.pdf,https://drive.google.com/uc?export=view&id=1C6UoZ2hV62t3WSyesOHUHnU2uCjZtEQx,SITE tafawakdz / Cycle / Cycle_secondaire / Annee / 1as / matiere / fr
1as,matiere,fr,8437.pdf,https://drive.google.com/uc?export=view&id=1GxnvzE41ut1cb6-xvtCJb4cEWeBrXxes,SITE tafawakdz / Cycle / Cycle_secondaire / Annee / 1as / matiere / fr
1as,matiere,fr,8436.pdf,https://drive.google.com/uc?export=view&id=10o8llAWagEXTGi2AtxvBbU_GUddDvQ-C,SITE tafawakdz / Cycle / Cycle_secondaire / Annee / 1as / matiere / fr
1as,matiere,fr,31131.pdf,https://drive.google.com/uc?export=view&id=1Btp9Co1wxNf6Q5XrDIvoaaVr2QSLiqUi,SITE tafawakdz / Cycle / Cycle_secondaire / Annee / 1as / matiere / fr
1as,matiere,fr,31130.pdf,https://drive.google.com/uc?export=view&id=1v1zmWWwOLi3493nbMpuoVGSSvLP6QV7L,SITE tafawakdz / Cycle / Cycle_secondaire / Annee / 1as / matiere / fr
1as,matiere,fr,31129.pdf,https://drive.google.com/uc?export=view&id=1QfhB4qaqnzI4mMqb4_tNEraFLYYVi4DU,SITE tafawakdz / Cycle / Cycle_secondaire / Annee / 1as / matiere / fr
1as,matiere,fr,31128.pdf,https://drive.google.com/uc?export=view&id=1qbcMpuKmuDYJWNZo62doijlNpNvh7b3t,SITE tafawakdz / Cycle / Cycle_secondaire / Annee / 1as / matiere / fr
1as,matiere,fr,31127.pdf,https://drive.google.com/uc?export=view&id=14AkbT0Sqpn0T3Jmu9p6S0lzKVZ7oPTUR,SITE tafawakdz / Cycle / Cycle_secondaire / Annee / 1as / matiere / fr
1as,matiere,fr,31126.pdf,https://drive.google.com/uc?export=view&id=19grrTN8fRyE_mQPgOOn03f8lEIkwHd6e,SITE tafawakdz / Cycle / Cycle_secondaire / Annee / 1as / matiere / fr
1as,matiere,fr,31125.pdf,https://drive.google.com/uc?export=view&id=1vkxHg-u_jx3JsVUEKQLezvc0Yh1dhj9u,SITE tafawakdz / Cycle / Cycle_secondaire / Annee / 1as / matiere / fr
1as,matiere,fr,31124.pdf,https://drive.google.com/uc?export=view&id=1EFiLYy-XGq8ymrEinIdflh4zg3UkPYao,SITE tafawakdz / Cycle / Cycle_secondaire / Annee / 1as / matiere / fr
1as,matiere,fr,31123.pdf,https://drive.google.com/uc?export=view&id=1TZn4hTiRIej20OUX-9fHLQIvKX4-nOG_,SITE tafawakdz / Cycle / Cycle_secondaire / Annee / 1as / matiere / fr
1as,matiere,fr,31122.pdf,https://drive.google.com/uc?export=view&id=1UlabevS6AgMckMf4udJq-gJJe1dOOO0u,SITE tafawakdz / Cycle / Cycle_secondaire / Annee / 1as / matiere / fr
1as,matiere,fr,31121.pdf,https://drive.google.com/uc?export=view&id=1lZIQA9Rv87kZVYLJpkwoQdAzkK5sumez,SITE tafawakdz / Cycle / Cycle_secondaire / Annee / 1as / matiere / fr
1as,matiere,fr,31120.pdf,https://drive.google.com/uc?export=view&id=10wtUOWy-8US6v_WiPFZLLwAiThb5XDZl,SITE tafawakdz / Cycle / Cycle_secondaire / Annee / 1as / matiere / fr
1as,matiere,fr,31119.pdf,https://drive.google.com/uc?export=view&id=1K6mVdWo_javNTGYx7jKwJ8918OxDgsul,SITE tafawakdz / Cycle / Cycle_secondaire / Annee / 1as / matiere / fr
1as,matiere,fr,31118.pdf,https://drive.google.com/uc?export=view&id=13Nnm-sMDkbbpF4PbbJBZ1QVxNsIaqdAc,SITE tafawakdz / Cycle / Cycle_secondaire / Annee / 1as / matiere / fr
1as,matiere,fr,31117.pdf,https://drive.google.com/uc?export=view&id=1E85zAEK_r6DJXkqe2zCYpksU-NpAWdb0,SITE tafawakdz / Cycle / Cycle_secondaire / Annee / 1as / matiere / fr
1as,matiere,fr,31116.pdf,https://drive.google.com/uc?export=view&id=15MPbGdke0JMKn08tYMj5ek-fwpSjZx2s,SITE tafawakdz / Cycle / Cycle_secondaire / Annee / 1as / matiere / fr
1as,matiere,fr,31114.pdf,https://drive.google.com/uc?export=view&id=1i-IeIjRFFMbtaO62OIKcF33gDxvB4CHs,SITE tafawakdz / Cycle / Cycle_secondaire / Annee / 1as / matiere / fr
1as,matiere,fr,31115.pdf,https://drive.google.com/uc?export=view&id=1CrqJgEDx9JmxO0hsrL6Lj-w13LUHuWYA,SITE tafawakdz / Cycle / Cycle_secondaire / Annee / 1as / matiere / fr
1as,matiere,fr,31112.pdf,https://drive.google.com/uc?export=view&id=1IDbMrlClPeHBm3iOuWd0Rt_0ThLFxrOc,SITE tafawakdz / Cycle / Cycle_secondaire / Annee / 1as / matiere / fr
1as,matiere,fr,31113.pdf,https://drive.google.com/uc?export=view&id=1bwAWE10ZeiyLtWY5WP3osoSUlm54hX4Y,SITE tafawakdz / Cycle / Cycle_secondaire / Annee / 1as / matiere / fr
1as,matiere,fr,31111.pdf,https://drive.google.com/uc?export=view&id=1zxpq_PQWLL8b-nFKjal_KETyOjOSXEoy,SITE tafawakdz / Cycle / Cycle_secondaire / Annee / 1as / matiere / fr
1as,matiere,fr,31110.pdf,https://drive.google.com/uc?export=view&id=1KqEHdEXSCNbR1YJSsSfJDbGvcM0yk12y,SITE tafawakdz / Cycle / Cycle_secondaire / Annee / 1as / matiere / fr
1as,matiere,fr,31109.pdf,https://drive.google.com/uc?export=view&id=1MLDm0DBCA4jrY5pSnU-xvwDMC6y2z_Cm,SITE tafawakdz / Cycle / Cycle_secondaire / Annee / 1as / matiere / fr
1as,matiere,fr,31108.pdf,https://drive.google.com/uc?export=view&id=10TwgKu0DO6MFnJbL4-lsBR3D7qfuqENB,SITE tafawakdz / Cycle / Cycle_secondaire / Annee / 1as / matiere / fr
1as,matiere,fr,31107.pdf,https://drive.google.com/uc?export=view&id=1ka0roeinEyaRuHoYs54QsRCUFMgG7ZZp,SITE tafawakdz / Cycle / Cycle_secondaire / Annee / 1as / matiere / fr
1as,matiere,fr,31106.pdf,https://drive.google.com/uc?export=view&id=1oKVZYwRuGtcAdzjkc7KLfF5aC5YjsJEF,SITE tafawakdz / Cycle / Cycle_secondaire / Annee / 1as / matiere / fr
1as,matiere,fr,31105.pdf,https://drive.google.com/uc?export=view&id=1KmQ3jHKWPpoOZ7yNmIXjp8heM9lYTHes,SITE tafawakdz / Cycle / Cycle_secondaire / Annee / 1as / matiere / fr
1as,matiere,fr,31104.pdf,https://drive.google.com/uc?export=view&id=1qLkrCmXTotDQ9GdFka0zeboXMR-eL-P3,SITE tafawakdz / Cycle / Cycle_secondaire / Annee / 1as / matiere / fr
1as,matiere,fr,31103.pdf,https://drive.google.com/uc?export=view&id=1iQ0OC4E54hfrUpmDrKzjy-Df_qyR3aWX,SITE tafawakdz / Cycle / Cycle_secondaire / Annee / 1as / matiere / fr
1as,matiere,fr,31101.pdf,https://drive.google.com/uc?export=view&id=1K2sj4vIuLowgy0Y5v4SKjr50fRfrZx5e,SITE tafawakdz / Cycle / Cycle_secondaire / Annee / 1as / matiere / fr
1as,matiere,fr,31102.pdf,https://drive.google.com/uc?export=view&id=1zNQZnJVIQkhxi4zQJA9KV3mG-l4Uu7t5,SITE tafawakdz / Cycle / Cycle_secondaire / Annee / 1as / matiere / fr
1as,matiere,fr,31100.pdf,https://drive.google.com/uc?export=view&id=1xuS0gBNt6wwDD60mTnE-UWGur0-IuZ7d,SITE tafawakdz / Cycle / Cycle_secondaire / Annee / 1as / matiere / fr
1as,matiere,fr,31099.pdf,https://drive.google.com/uc?export=view&id=1ngLUJcA-oHhHtdBmL2j7IhfC7zxv2yPM,SITE tafawakdz / Cycle / Cycle_secondaire / Annee / 1as / matiere / fr
1as,matiere,fr,31097.pdf,https://drive.google.com/uc?export=view&id=1GQdvp4QIGlboeqZpCxXllThgRnuqY6hY,SITE tafawakdz / Cycle / Cycle_secondaire / Annee / 1as / matiere / fr
1as,matiere,fr,31098.pdf,https://drive.google.com/uc?export=view&id=1Yn2GBXmChtdy4DUbkxV0MyAZ0_Sz3MPm,SITE tafawakdz / Cycle / Cycle_secondaire / Annee / 1as / matiere / fr
1as,matiere,fr,31095.pdf,https://drive.google.com/uc?export=view&id=10D2WLB0wfF_B2QC6YNnA7K9yJ7pIK0XS,SITE tafawakdz / Cycle / Cycle_secondaire / Annee / 1as / matiere / fr
1as,matiere,fr,31096.pdf,https://drive.google.com/uc?export=view&id=1Y4z3hFYR2-Ft_Ht9wTho74zovg4ire3m,SITE tafawakdz / Cycle / Cycle_secondaire / Annee / 1as / matiere / fr
1as,matiere,fr,31094.pdf,https://drive.google.com/uc?export=view&id=13Gyfnwme0PAyX_062TNf0BbzXdpP5kF5,SITE tafawakdz / Cycle / Cycle_secondaire / Annee / 1as / matiere / fr
1as,matiere,fr,31093.pdf,https://drive.google.com/uc?export=view&id=14uv9_dxB9zg4BmNO2Nlxcai7i_EbjnGg,SITE tafawakdz / Cycle / Cycle_secondaire / Annee / 1as / matiere / fr
1as,matiere,fr,31092.pdf,https://drive.google.com/uc?export=view&id=1I3JtQsHpH8FCT6UNsLmk2d1VRhZqgywP,SITE tafawakdz / Cycle / Cycle_secondaire / Annee / 1as / matiere / fr
1as,matiere,fr,31091.pdf,https://drive.google.com/uc?export=view&id=1UuqfOZZ7btnscR5DECJGnkqts3qKStP-,SITE tafawakdz / Cycle / Cycle_secondaire / Annee / 1as / matiere / fr
1as,matiere,fr,31090.pdf,https://drive.google.com/uc?export=view&id=14A2bP7TV5j9gaDgmwUB-iVKX5MJs1WHh,SITE tafawakdz / Cycle / Cycle_secondaire / Annee / 1as / matiere / fr
1as,matiere,fr,31088.pdf,https://drive.google.com/uc?export=view&id=1Gg01OX5Wvs44KhxuIF-RRDs4pbMfocO9,SITE tafawakdz / Cycle / Cycle_secondaire / Annee / 1as / matiere / fr
1as,matiere,fr,31089.pdf,https://drive.google.com/uc?export=view&id=1i5p5V3sdBBbNAE916YdNBMyZaHRQlQvx,SITE tafawakdz / Cycle / Cycle_secondaire / Annee / 1as / matiere / fr
1as,matiere,fr,31087.pdf,https://drive.google.com/uc?export=view&id=18utB-SHP7y89Y07S9Nqzso1OC2YeUFtE,SITE tafawakdz / Cycle / Cycle_secondaire / Annee / 1as / matiere / fr
1as,matiere,fr,31084.pdf,https://drive.google.com/uc?export=view&id=1HrIFd5G3ISsXWWhWv1cac3YfWXPkXoTr,SITE tafawakdz / Cycle / Cycle_secondaire / Annee / 1as / matiere / fr
1as,matiere,fr,31086.pdf,https://drive.google.com/uc?export=view&id=1L6U7eHYDDbW8ETsrx_kJGoPjDtsGpjOg,SITE tafawakdz / Cycle / Cycle_secondaire / Annee / 1as / matiere / fr
1as,matiere,fr,31085.pdf,https://drive.google.com/uc?export=view&id=1Vw4X6EMeR34ASos0F7w16CxLu4DwKiSI,SITE tafawakdz / Cycle / Cycle_secondaire / Annee / 1as / matiere / fr
1as,matiere,fr,31081.pdf,https://drive.google.com/uc?export=view&id=13FC_s-xkpsUGrfvi_U-OeGhI-BbJND2B,SITE tafawakdz / Cycle / Cycle_secondaire / Annee / 1as / matiere / fr
1as,matiere,fr,31083.pdf,https://drive.google.com/uc?export=view&id=1tcUwmP5fiY8zXupbGOrFWWeIcWrEI8SB,SITE tafawakdz / Cycle / Cycle_secondaire / Annee / 1as / matiere / fr
1as,matiere,fr,31082.pdf,https://drive.google.com/uc?export=view&id=1zJNLll-r5_zkwf67uiFkRkDKbeJsNsNg,SITE tafawakdz / Cycle / Cycle_secondaire / Annee / 1as / matiere / fr
1as,matiere,fr,31080.pdf,https://drive.google.com/uc?export=view&id=1brpg_aHyXUFZD_2c2LjQDisJNmC1d8Bm,SITE tafawakdz / Cycle / Cycle_secondaire / Annee / 1as / matiere / fr
1as,matiere,fr,31077.pdf,https://drive.google.com/uc?export=view&id=15PSDQSPWKFem73YZWYJNi3CMrx5L5egx,SITE tafawakdz / Cycle / Cycle_secondaire / Annee / 1as / matiere / fr
1as,matiere,fr,31079.pdf,https://drive.google.com/uc?export=view&id=18O-OOcRYcCKmCpOMDN9K9p12CfQnovla,SITE tafawakdz / Cycle / Cycle_secondaire / Annee / 1as / matiere / fr
1as,matiere,fr,31078.pdf,https://drive.google.com/uc?export=view&id=1ruMzQxW-PUSJ1z8-q2v6MRnvBxcppJ-v,SITE tafawakdz / Cycle / Cycle_secondaire / Annee / 1as / matiere / fr
1as,matiere,fr,31076.pdf,https://drive.google.com/uc?export=view&id=1VlAJMEsn55BNROrE_iTxFLgsFxNPZNc9,SITE tafawakdz / Cycle / Cycle_secondaire / Annee / 1as / matiere / fr
1as,matiere,fr,31073.pdf,https://drive.google.com/uc?export=view&id=1FjxXVEu2KCXteUEYN6nsH9PzBrsEX3in,SITE tafawakdz / Cycle / Cycle_secondaire / Annee / 1as / matiere / fr
1as,matiere,fr,31075.pdf,https://drive.google.com/uc?export=view&id=1SqlNCIh8TbRf4phRZZD0s6QZHTx194Py,SITE tafawakdz / Cycle / Cycle_secondaire / Annee / 1as / matiere / fr
1as,matiere,fr,31074.pdf,https://drive.google.com/uc?export=view&id=1XEKEoFk5RaKOx4QOXfmBYrv_ek9v9jN9,SITE tafawakdz / Cycle / Cycle_secondaire / Annee / 1as / matiere / fr
1as,matiere,fr,31071.pdf,https://drive.google.com/uc?export=view&id=1-EU7gVacPwuAavY8H58c1NGElbuQAxok,SITE tafawakdz / Cycle / Cycle_secondaire / Annee / 1as / matiere / fr
1as,matiere,fr,31072.pdf,https://drive.google.com/uc?export=view&id=1EssNxcRtgU5X-yFTSA3T_CQRxesUdmkD,SITE tafawakdz / Cycle / Cycle_secondaire / Annee / 1as / matiere / fr
1as,matiere,fr,31070.pdf,https://drive.google.com/uc?export=view&id=1TquQR50kZKUe_2KttjpgLAa0w3hqbQ4X,SITE tafawakdz / Cycle / Cycle_secondaire / Annee / 1as / matiere / fr
1as,matiere,fr,31068.pdf,https://drive.google.com/uc?export=view&id=1i7WJlcQdl4hHXdmbmekP_zLCVUzrreAY,SITE tafawakdz / Cycle / Cycle_secondaire / Annee / 1as / matiere / fr
1as,matiere,fr,31056.pdf,https://drive.google.com/uc?export=view&id=1wFRnnKLw-KyezMVx4PWTeSfdudx4cVGQ,SITE tafawakdz / Cycle / Cycle_secondaire / Annee / 1as / matiere / fr
1as,matiere,fr,31069.pdf,https://drive.google.com/uc?export=view&id=1xrCu0omiK53_YVPz2IrErltO0g2S-GNk,SITE tafawakdz / Cycle / Cycle_secondaire / Annee / 1as / matiere / fr
1as,matiere,fr,31067.pdf,https://drive.google.com/uc?export=view&id=1VwWRe9MswSqmbfVJt0iFd6lkO7G_uJb3,SITE tafawakdz / Cycle / Cycle_secondaire / Annee / 1as / matiere / fr
1as,matiere,fr,31066.pdf,https://drive.google.com/uc?export=view&id=1jeLzijT2-Q3zfOTCNHZm2-NsvlZodtah,SITE tafawakdz / Cycle / Cycle_secondaire / Annee / 1as / matiere / fr
1as,matiere,fr,31065.pdf,https://drive.google.com/uc?export=view&id=1rSnWwwLE6DMClLxF3V2pEqfPW9rui_HG,SITE tafawakdz / Cycle / Cycle_secondaire / Annee / 1as / matiere / fr
1as,matiere,fr,31064.pdf,https://drive.google.com/uc?export=view&id=1JCY1WLmvkXlEdrAorqhb0fm65CHByX2c,SITE tafawakdz / Cycle / Cycle_secondaire / Annee / 1as / matiere / fr
1as,matiere,fr,31063.pdf,https://drive.google.com/uc?export=view&id=1WKL8cLeaLRx3UxvDzZGhR_dyGwMiKotA,SITE tafawakdz / Cycle / Cycle_secondaire / Annee / 1as / matiere / fr
1as,matiere,fr,31061.pdf,https://drive.google.com/uc?export=view&id=1KkzFkTmVc3ozZuslKQoB1_MBRWm2mt0K,SITE tafawakdz / Cycle / Cycle_secondaire / Annee / 1as / matiere / fr
1as,matiere,fr,31062.pdf,https://drive.google.com/uc?export=view&id=1mk0OltwIBCp4FzS1UmULWPvncUx_L0zo,SITE tafawakdz / Cycle / Cycle_secondaire / Annee / 1as / matiere / fr
1as,matiere,fr,31060.pdf,https://drive.google.com/uc?export=view&id=1L3fUpxZokReLJqnfhbeO2ga6n-hVtwcV,SITE tafawakdz / Cycle / Cycle_secondaire / Annee / 1as / matiere / fr
1as,matiere,fr,31059.pdf,https://drive.google.com/uc?export=view&id=1u4gDwJkyqL_diOgOqmzpklxLpYc25IVK,SITE tafawakdz / Cycle / Cycle_secondaire / Annee / 1as / matiere / fr
1as,matiere,fr,31058.pdf,https://drive.google.com/uc?export=view&id=1IuMTw2bm2lgmGjmPciE8G7ct25MF_Z8O,SITE tafawakdz / Cycle / Cycle_secondaire / Annee / 1as / matiere / fr
1as,matiere,fr,31057.pdf,https://drive.google.com/uc?export=view&id=1Ridd65IhUuRd_9krY2QJmfI8bUCA9dHp,SITE tafawakdz / Cycle / Cycle_secondaire / Annee / 1as / matiere / fr
1as,matiere,fr,31050.pdf,https://drive.google.com/uc?export=view&id=1NhcBCmUrh541wm6srbnGq6U9C22UQB9P,SITE tafawakdz / Cycle / Cycle_secondaire / Annee / 1as / matiere / fr
1as,matiere,fr,31055.pdf,https://drive.google.com/uc?export=view&id=1oQlcGAiYSjUr94a_az5sXgn7Z4cyV8Ev,SITE tafawakdz / Cycle / Cycle_secondaire / Annee / 1as / matiere / fr
1as,matiere,fr,31054.pdf,https://drive.google.com/uc?export=view&id=19Zr7PSlLvgM6RQ-yjvNzy14e9vvEdaiM,SITE tafawakdz / Cycle / Cycle_secondaire / Annee / 1as / matiere / fr
1as,matiere,fr,31053.pdf,https://drive.google.com/uc?export=view&id=1aCdeF28dAHlY4VkKTHBSadaOJqwMct6g,SITE tafawakdz / Cycle / Cycle_secondaire / Annee / 1as / matiere / fr
1as,matiere,fr,31052.pdf,https://drive.google.com/uc?export=view&id=1nGUpHh5GLpyguFGUV6BudK7rBP1upDse,SITE tafawakdz / Cycle / Cycle_secondaire / Annee / 1as / matiere / fr
1as,matiere,fr,31051.pdf,https://drive.google.com/uc?export=view&id=1j1oUW3loJ7VjDOPFD1SgAegedWzsI7oU,SITE tafawakdz / Cycle / Cycle_secondaire / Annee / 1as / matiere / fr
1as,matiere,fr,31049.pdf,https://drive.google.com/uc?export=view&id=1VPq9YiQClM7UGbKTJNT_zPo46QW7TdPD,SITE tafawakdz / Cycle / Cycle_secondaire / Annee / 1as / matiere / fr
1as,matiere,fr,31048.pdf,https://drive.google.com/uc?export=view&id=1157HvFWZ9qv6216Y1WNsyGGGY-RHK3Bj,SITE tafawakdz / Cycle / Cycle_secondaire / Annee / 1as / matiere / fr
1as,matiere,hist,8700.pdf,https://drive.google.com/uc?export=view&id=1CaQbAzeNSB0VdZ-AyICc503yB4pBy9XI,SITE tafawakdz / Cycle / Cycle_secondaire / Annee / 1as / matiere / hist
1as,matiere,hist,8699.pdf,https://drive.google.com/uc?export=view&id=1q8VsTuHKXb1scX5sKwhpumQPId5rCQg_,SITE tafawakdz / Cycle / Cycle_secondaire / Annee / 1as / matiere / hist
1as,matiere,hist,8698.pdf,https://drive.google.com/uc?export=view&id=18sc89L7trFOR19kHOI_p-KvK4eW1nzxi,SITE tafawakdz / Cycle / Cycle_secondaire / Annee / 1as / matiere / hist
1as,matiere,hist,8697.pdf,https://drive.google.com/uc?export=view&id=1tAkHHDAdoNFnU0NWuqXiNrnaC4rUcWto,SITE tafawakdz / Cycle / Cycle_secondaire / Annee / 1as / matiere / hist
1as,matiere,hist,8695.pdf,https://drive.google.com/uc?export=view&id=1hJd93CK_0enGInconQy2irBfWFmnEr38,SITE tafawakdz / Cycle / Cycle_secondaire / Annee / 1as / matiere / hist
1as,matiere,hist,8696.pdf,https://drive.google.com/uc?export=view&id=1lkyU3FuSm67mo9UXwWR6u-YHod17fgwx,SITE tafawakdz / Cycle / Cycle_secondaire / Annee / 1as / matiere / hist
1as,matiere,hist,8694.pdf,https://drive.google.com/uc?export=view&id=1plRa3j6GxuxhUVp7A-F5Q3gvtd4FdP-k,SITE tafawakdz / Cycle / Cycle_secondaire / Annee / 1as / matiere / hist
1as,matiere,hist,8693.pdf,https://drive.google.com/uc?export=view&id=1bVuXzbc1FHOqRxy1SMAQieWK8fXMAI_6,SITE tafawakdz / Cycle / Cycle_secondaire / Annee / 1as / matiere / hist
1as,matiere,hist,8692.pdf,https://drive.google.com/uc?export=view&id=1oVylKf4CpBv7T6LcNK1QpBlKSH2OICwQ,SITE tafawakdz / Cycle / Cycle_secondaire / Annee / 1as / matiere / hist
1as,matiere,hist,8689.pdf,https://drive.google.com/uc?export=view&id=11CetVSbsKmExQtU-I_A38CyrzX4ES7J2,SITE tafawakdz / Cycle / Cycle_secondaire / Annee / 1as / matiere / hist
1as,matiere,hist,8691.pdf,https://drive.google.com/uc?export=view&id=1HXql0a1Mpobi04qu1yvnzSnhY4s8Ylcu,SITE tafawakdz / Cycle / Cycle_secondaire / Annee / 1as / matiere / hist
1as,matiere,hist,8690.pdf,https://drive.google.com/uc?export=view&id=1zkMjdILAQcpSUNsuMCNBmhHbNuW1GwdV,SITE tafawakdz / Cycle / Cycle_secondaire / Annee / 1as / matiere / hist
1as,matiere,hist,8688.pdf,https://drive.google.com/uc?export=view&id=12pjZDOKIVLtF0OVO7bICgnKdsEXAq03n,SITE tafawakdz / Cycle / Cycle_secondaire / Annee / 1as / matiere / hist
1as,matiere,hist,8686.pdf,https://drive.google.com/uc?export=view&id=19A2-9qdnbeAc7SqzrY39TSFCsAugkyE_,SITE tafawakdz / Cycle / Cycle_secondaire / Annee / 1as / matiere / hist
1as,matiere,hist,8687.pdf,https://drive.google.com/uc?export=view&id=1DvMLljepbcItXKxQ1Vsg5s0JYlNBmzsx,SITE tafawakdz / Cycle / Cycle_secondaire / Annee / 1as / matiere / hist
1as,matiere,hist,8685.pdf,https://drive.google.com/uc?export=view&id=1Pa_CCJctpPGzpvjJP8SQydcc0L6g8CHg,SITE tafawakdz / Cycle / Cycle_secondaire / Annee / 1as / matiere / hist
1as,matiere,hist,8684.pdf,https://drive.google.com/uc?export=view&id=1rz47JIKQtzCdypOPgLp3zvzvAdz4B18a,SITE tafawakdz / Cycle / Cycle_secondaire / Annee / 1as / matiere / hist
1as,matiere,hist,8683.pdf,https://drive.google.com/uc?export=view&id=124Yzvk9TmPBCLRf_7Pb1-HULaDDlrVNg,SITE tafawakdz / Cycle / Cycle_secondaire / Annee / 1as / matiere / hist
1as,matiere,hist,8681.pdf,https://drive.google.com/uc?export=view&id=1mhWHvHpNpNviD1SoHPwrV8K4pI81niic,SITE tafawakdz / Cycle / Cycle_secondaire / Annee / 1as / matiere / hist
1as,matiere,hist,8682.pdf,https://drive.google.com/uc?export=view&id=1xugCh2XuY4bFAyI0PiBM2430RMr57sFc,SITE tafawakdz / Cycle / Cycle_secondaire / Annee / 1as / matiere / hist
1as,matiere,hist,8680.pdf,https://drive.google.com/uc?export=view&id=11YUdhs3Me3CEmWCXlL9bq1_nXYIo7fE2,SITE tafawakdz / Cycle / Cycle_secondaire / Annee / 1as / matiere / hist
1as,matiere,hist,8677.pdf,https://drive.google.com/uc?export=view&id=1FCfkLPHm9Z5dqovpIZS7ukKokOZnVIvC,SITE tafawakdz / Cycle / Cycle_secondaire / Annee / 1as / matiere / hist
1as,matiere,hist,8679.pdf,https://drive.google.com/uc?export=view&id=1bv-5y5WiKDvcOBNUu4jeFjqrXZufZoGd,SITE tafawakdz / Cycle / Cycle_secondaire / Annee / 1as / matiere / hist
1as,matiere,hist,8678.pdf,https://drive.google.com/uc?export=view&id=1h2a6GHvat8Vmn4HLJ8g_jVreoDlHc_tt,SITE tafawakdz / Cycle / Cycle_secondaire / Annee / 1as / matiere / hist
1as,matiere,hist,8676.pdf,https://drive.google.com/uc?export=view&id=1GNoYy7SUsSv8OgvxnZrO5pMPk_IgvZVk,SITE tafawakdz / Cycle / Cycle_secondaire / Annee / 1as / matiere / hist
1as,matiere,hist,8675.pdf,https://drive.google.com/uc?export=view&id=1snfrGsjwa607VNx9WFM5w3HbOnaDBuhJ,SITE tafawakdz / Cycle / Cycle_secondaire / Annee / 1as / matiere / hist
1as,matiere,hist,8673.pdf,https://drive.google.com/uc?export=view&id=17DS7uGdBSZ47XYqnVN9XmSSAB-9se_-H,SITE tafawakdz / Cycle / Cycle_secondaire / Annee / 1as / matiere / hist
1as,matiere,hist,8674.pdf,https://drive.google.com/uc?export=view&id=19Cuw0SlaT6kJenEFdfjAaE1qL_CbGs-s,SITE tafawakdz / Cycle / Cycle_secondaire / Annee / 1as / matiere / hist
1as,matiere,hist,8672.pdf,https://drive.google.com/uc?export=view&id=1IBFCmbx3GjvzhIYPqmmat3jy0XvBxV-5,SITE tafawakdz / Cycle / Cycle_secondaire / Annee / 1as / matiere / hist
1as,matiere,hist,8671.pdf,https://drive.google.com/uc?export=view&id=1o_KrfnU0_84hx-zIBBH6_3aUAQdkXd37,SITE tafawakdz / Cycle / Cycle_secondaire / Annee / 1as / matiere / hist
1as,matiere,hist,8670.pdf,https://drive.google.com/uc?export=view&id=1Ew42ovbmLcBJOWotg_plbgWHsFZ7suoE,SITE tafawakdz / Cycle / Cycle_secondaire / Annee / 1as / matiere / hist
1as,matiere,hist,8668.pdf,https://drive.google.com/uc?export=view&id=10OR0nrKqm1cZgrruD59TjH5wKVPlDvkA,SITE tafawakdz / Cycle / Cycle_secondaire / Annee / 1as / matiere / hist
1as,matiere,hist,8669.pdf,https://drive.google.com/uc?export=view&id=1dwC3pKtk-E0lgJxjhZomTQgaIvLLLD_Y,SITE tafawakdz / Cycle / Cycle_secondaire / Annee / 1as / matiere / hist
1as,matiere,hist,8667.pdf,https://drive.google.com/uc?export=view&id=1JWk-yT0Gk7pYytrVC3uUXOVr7_Z1-5Ic,SITE tafawakdz / Cycle / Cycle_secondaire / Annee / 1as / matiere / hist
1as,matiere,hist,8665.pdf,https://drive.google.com/uc?export=view&id=1U8N0pMl9zW33tSwyh82COXuWwdwu7-MB,SITE tafawakdz / Cycle / Cycle_secondaire / Annee / 1as / matiere / hist
1as,matiere,hist,8666.pdf,https://drive.google.com/uc?export=view&id=1UUYglT3m9ICAV0reNE7DFZAf4F_Nm0xH,SITE tafawakdz / Cycle / Cycle_secondaire / Annee / 1as / matiere / hist
1as,matiere,hist,8664.pdf,https://drive.google.com/uc?export=view&id=1UhtGkM1Xp41iieKcmDIVXejKK0DWkzB-,SITE tafawakdz / Cycle / Cycle_secondaire / Annee / 1as / matiere / hist
1as,matiere,hist,8663.pdf,https://drive.google.com/uc?export=view&id=1ZpmBm3HGHzEKKiBwvdPwgMXGrHyHltc9,SITE tafawakdz / Cycle / Cycle_secondaire / Annee / 1as / matiere / hist
1as,matiere,hist,8662.pdf,https://drive.google.com/uc?export=view&id=1qgvYIQCGAKSmPnttg_EUVls0r1VrjcF8,SITE tafawakdz / Cycle / Cycle_secondaire / Annee / 1as / matiere / hist
1as,matiere,hist,8661.pdf,https://drive.google.com/uc?export=view&id=19NI67z1AfTi0YPc0_o3z-fk_2aBgXMF4,SITE tafawakdz / Cycle / Cycle_secondaire / Annee / 1as / matiere / hist
1as,matiere,hist,8660.pdf,https://drive.google.com/uc?export=view&id=1SqbEGmgvcS6bv3Wh-5af1YW4hHuaZLQm,SITE tafawakdz / Cycle / Cycle_secondaire / Annee / 1as / matiere / hist
1as,matiere,hist,8659.pdf,https://drive.google.com/uc?export=view&id=1GFsqm7QhPerRMb1gbTsoYc18U_7d01iK,SITE tafawakdz / Cycle / Cycle_secondaire / Annee / 1as / matiere / hist
1as,matiere,hist,8658.pdf,https://drive.google.com/uc?export=view&id=1L6X9ZfEMp9HjoWQ80UpFlhl6fUqiFbch,SITE tafawakdz / Cycle / Cycle_secondaire / Annee / 1as / matiere / hist
1as,matiere,hist,8657.pdf,https://drive.google.com/uc?export=view&id=1FYIK02srcZhxlObYtgMW9v6Bv1_YBoxt,SITE tafawakdz / Cycle / Cycle_secondaire / Annee / 1as / matiere / hist
1as,matiere,hist,8656.pdf,https://drive.google.com/uc?export=view&id=13QsblbcCf684_URXwry_Rj3nb2uM8cRN,SITE tafawakdz / Cycle / Cycle_secondaire / Annee / 1as / matiere / hist
1as,matiere,hist,8655.pdf,https://drive.google.com/uc?export=view&id=1IKl1_oifeUwFhEzUCAGyh-jkrdpyZG43,SITE tafawakdz / Cycle / Cycle_secondaire / Annee / 1as / matiere / hist
1as,matiere,hist,8654.pdf,https://drive.google.com/uc?export=view&id=1QuhggW-abjoY-XJkLZ8Lt-LjhTCNjRyJ,SITE tafawakdz / Cycle / Cycle_secondaire / Annee / 1as / matiere / hist
1as,matiere,hist,8653.pdf,https://drive.google.com/uc?export=view&id=1VeC8YIHJcwMxbyNd1fwxaycDxKf_CDRT,SITE tafawakdz / Cycle / Cycle_secondaire / Annee / 1as / matiere / hist
1as,matiere,hist,8652.pdf,https://drive.google.com/uc?export=view&id=1r2hu4c-bK4COu5jUVFzE5xEc3WxqZEdO,SITE tafawakdz / Cycle / Cycle_secondaire / Annee / 1as / matiere / hist
1as,matiere,hist,8650.pdf,https://drive.google.com/uc?export=view&id=10IblJRXJjkkRaV9Evhq3A3KHsmqScnnB,SITE tafawakdz / Cycle / Cycle_secondaire / Annee / 1as / matiere / hist
1as,matiere,hist,8651.pdf,https://drive.google.com/uc?export=view&id=1ZumHOOuBumXztUqMYCUrAJqKOpgXmqmx,SITE tafawakdz / Cycle / Cycle_secondaire / Annee / 1as / matiere / hist
1as,matiere,hist,8649.pdf,https://drive.google.com/uc?export=view&id=1sHLxLf3yokF-kNxe1ictI_8fUdnJ7xI4,SITE tafawakdz / Cycle / Cycle_secondaire / Annee / 1as / matiere / hist
1as,matiere,hist,8648.pdf,https://drive.google.com/uc?export=view&id=1BPtyx5ZcjuHffA5qh4exqeBGB1q6S6Td,SITE tafawakdz / Cycle / Cycle_secondaire / Annee / 1as / matiere / hist
1as,matiere,hist,8647.pdf,https://drive.google.com/uc?export=view&id=1NcCJBB2fLHenB2vKCw4wzX986wjcqbJP,SITE tafawakdz / Cycle / Cycle_secondaire / Annee / 1as / matiere / hist
1as,matiere,hist,8646.pdf,https://drive.google.com/uc?export=view&id=148N6F9xdyOaPMB-igXrcva74-scXWyJM,SITE tafawakdz / Cycle / Cycle_secondaire / Annee / 1as / matiere / hist
1as,matiere,hist,8645.pdf,https://drive.google.com/uc?export=view&id=1QlbTbr-sjsDaU0Bh5U_ikS63_gh81bka,SITE tafawakdz / Cycle / Cycle_secondaire / Annee / 1as / matiere / hist
1as,matiere,hist,8644.pdf,https://drive.google.com/uc?export=view&id=1Wa_QVkUXL144le1YrNLfXefeY4G1N-sW,SITE tafawakdz / Cycle / Cycle_secondaire / Annee / 1as / matiere / hist
1as,matiere,hist,8643.pdf,https://drive.google.com/uc?export=view&id=1YN1M7yEu0dfDyQeQ6onMdiLzwYtwiYi_,SITE tafawakdz / Cycle / Cycle_secondaire / Annee / 1as / matiere / hist
1as,matiere,hist,8641.pdf,https://drive.google.com/uc?export=view&id=18Nfm--K3REteeIM_liPdXIra0fefXiyL,SITE tafawakdz / Cycle / Cycle_secondaire / Annee / 1as / matiere / hist
1as,matiere,hist,8642.pdf,https://drive.google.com/uc?export=view&id=1sYWTSms9zTBN2oT5vsx57hyjflqPbqq9,SITE tafawakdz / Cycle / Cycle_secondaire / Annee / 1as / matiere / hist
1as,matiere,hist,8640.pdf,https://drive.google.com/uc?export=view&id=17gLNGIv9c_5nHE9E_IW1-kbvGv8wiKI-,SITE tafawakdz / Cycle / Cycle_secondaire / Annee / 1as / matiere / hist
1as,matiere,hist,8639.pdf,https://drive.google.com/uc?export=view&id=1Jmo2HRbcGQWp5uuWvh-_OqOjFD5Sa6Wz,SITE tafawakdz / Cycle / Cycle_secondaire / Annee / 1as / matiere / hist
1as,matiere,hist,8638.pdf,https://drive.google.com/uc?export=view&id=1Ao6AAmq9jX-YgFyUw4g_bto65xxvNEpc,SITE tafawakdz / Cycle / Cycle_secondaire / Annee / 1as / matiere / hist
1as,matiere,hist,8637.pdf,https://drive.google.com/uc?export=view&id=1IHrjeDcY7rtveXVF_g-mFJaPou2sZq3k,SITE tafawakdz / Cycle / Cycle_secondaire / Annee / 1as / matiere / hist
1as,matiere,hist,8636.pdf,https://drive.google.com/uc?export=view&id=1Zo58wEfQqZGl--GdwBgiu_Vqy9q_bpxu,SITE tafawakdz / Cycle / Cycle_secondaire / Annee / 1as / matiere / hist
1as,matiere,hist,8634.pdf,https://drive.google.com/uc?export=view&id=1kBQ-ymgMZRCZJNaJM5ik5nCLAbFXivxW,SITE tafawakdz / Cycle / Cycle_secondaire / Annee / 1as / matiere / hist
1as,matiere,hist,8635.pdf,https://drive.google.com/uc?export=view&id=1l3wp9d96iDYrsATI9wm9VbTTNxv3r_Tn,SITE tafawakdz / Cycle / Cycle_secondaire / Annee / 1as / matiere / hist
1as,matiere,hist,8633.pdf,https://drive.google.com/uc?export=view&id=1Tpx_iR7iF7vPK1SHydvMBAOcqLntIPGR,SITE tafawakdz / Cycle / Cycle_secondaire / Annee / 1as / matiere / hist
1as,matiere,hist,8631.pdf,https://drive.google.com/uc?export=view&id=1WucAQg-1_NgzRQhxH9wLKf4uLBW4EIdp,SITE tafawakdz / Cycle / Cycle_secondaire / Annee / 1as / matiere / hist
1as,matiere,hist,8632.pdf,https://drive.google.com/uc?export=view&id=1_5YhzAbWPlLRW9aoX9nf8fwAVw-8f_Lv,SITE tafawakdz / Cycle / Cycle_secondaire / Annee / 1as / matiere / hist
1as,matiere,hist,8630.pdf,https://drive.google.com/uc?export=view&id=1WBvmMBPbsLrTFvnZzDdP059ClWPPhyhq,SITE tafawakdz / Cycle / Cycle_secondaire / Annee / 1as / matiere / hist
1as,matiere,hist,31160.pdf,https://drive.google.com/uc?export=view&id=1xD0QmihPz12WUg-_yiYs0ywHeZdGAww1,SITE tafawakdz / Cycle / Cycle_secondaire / Annee / 1as / matiere / hist
1as,matiere,hist,31158.pdf,https://drive.google.com/uc?export=view&id=1gbcWNukoUPH3yS0loeSbggcvFQ9zo6XF,SITE tafawakdz / Cycle / Cycle_secondaire / Annee / 1as / matiere / hist
1as,matiere,hist,31159.pdf,https://drive.google.com/uc?export=view&id=1hjLvcmzzCdkvO-_cedM9o_MAoRRLoItH,SITE tafawakdz / Cycle / Cycle_secondaire / Annee / 1as / matiere / hist
1as,matiere,hist,31157.pdf,https://drive.google.com/uc?export=view&id=1U_9dHuLtxPtv9ZujIrng72m35BPUKs0S,SITE tafawakdz / Cycle / Cycle_secondaire / Annee / 1as / matiere / hist
1as,matiere,hist,31156.pdf,https://drive.google.com/uc?export=view&id=14symKLNxDySHimBcXvOCTHZxXoHMez9k,SITE tafawakdz / Cycle / Cycle_secondaire / Annee / 1as / matiere / hist
1as,matiere,hist,31154.pdf,https://drive.google.com/uc?export=view&id=1jjF4-4t3CC2ndAKTcDBfrYbtmcFr8vpY,SITE tafawakdz / Cycle / Cycle_secondaire / Annee / 1as / matiere / hist
1as,matiere,hist,31155.pdf,https://drive.google.com/uc?export=view&id=1rp3w1ZIHm6xN8eO1vrIgyAt6r8i1FPKh,SITE tafawakdz / Cycle / Cycle_secondaire / Annee / 1as / matiere / hist
1as,matiere,hist,31153.pdf,https://drive.google.com/uc?export=view&id=18OF7aJ1oZXjwmU2Uw6780ZkhZDdR1QVd,SITE tafawakdz / Cycle / Cycle_secondaire / Annee / 1as / matiere / hist
1as,matiere,hist,31152.pdf,https://drive.google.com/uc?export=view&id=1oqQDcjpTvH6AosRJg6tMWaKilp3E1zLr,SITE tafawakdz / Cycle / Cycle_secondaire / Annee / 1as / matiere / hist
1as,matiere,hist,31151.pdf,https://drive.google.com/uc?export=view&id=1Bb52zCWweoJF9LUv0LFcT64960Cy3-bk,SITE tafawakdz / Cycle / Cycle_secondaire / Annee / 1as / matiere / hist
1as,matiere,hist,31150.pdf,https://drive.google.com/uc?export=view&id=12_qgY8QfFZ6KjabWwB17VUFY3R20rGv3,SITE tafawakdz / Cycle / Cycle_secondaire / Annee / 1as / matiere / hist
1as,matiere,hist,31148.pdf,https://drive.google.com/uc?export=view&id=1ACfwLxaRoIKNizEt5Z3H75Uqify77t1n,SITE tafawakdz / Cycle / Cycle_secondaire / Annee / 1as / matiere / hist
1as,matiere,hist,31149.pdf,https://drive.google.com/uc?export=view&id=1UBXqkcsZbbH1QlKkrdqMOvn39zF8Ry5m,SITE tafawakdz / Cycle / Cycle_secondaire / Annee / 1as / matiere / hist
1as,matiere,hist,31147.pdf,https://drive.google.com/uc?export=view&id=1cuiHv4JJWpxBHz0gY0e1BsjT913niIse,SITE tafawakdz / Cycle / Cycle_secondaire / Annee / 1as / matiere / hist
1as,matiere,hist,31146.pdf,https://drive.google.com/uc?export=view&id=1ENuGPSrWK0H8t39fk6Lm0YQD4R3F9YYg,SITE tafawakdz / Cycle / Cycle_secondaire / Annee / 1as / matiere / hist
1as,matiere,hist,31141.pdf,https://drive.google.com/uc?export=view&id=1PCUvWRHkoh-2F8B1S7W-9SjhIOeCxBhN,SITE tafawakdz / Cycle / Cycle_secondaire / Annee / 1as / matiere / hist
1as,matiere,hist,31145.pdf,https://drive.google.com/uc?export=view&id=12pj5GOycv_QUuVgjzPYYSsgz8eATqKPb,SITE tafawakdz / Cycle / Cycle_secondaire / Annee / 1as / matiere / hist
1as,matiere,hist,31143.pdf,https://drive.google.com/uc?export=view&id=1LQwvytx4BTREBICyfiLL7XcsxosAt67M,SITE tafawakdz / Cycle / Cycle_secondaire / Annee / 1as / matiere / hist
1as,matiere,hist,31144.pdf,https://drive.google.com/uc?export=view&id=1ilPcr8e0MwxKpR5koNOAhIvlV7yxid9b,SITE tafawakdz / Cycle / Cycle_secondaire / Annee / 1as / matiere / hist
1as,matiere,hist,31142.pdf,https://drive.google.com/uc?export=view&id=1Na7Vdj3V5R3Wa-X6JcdP5XRflXc-v0Or,SITE tafawakdz / Cycle / Cycle_secondaire / Annee / 1as / matiere / hist
1as,matiere,hist,31139.pdf,https://drive.google.com/uc?export=view&id=11q-nw6iH5B4z3lWqtoJR74qD5nWFQKdn,SITE tafawakdz / Cycle / Cycle_secondaire / Annee / 1as / matiere / hist
1as,matiere,hist,31140.pdf,https://drive.google.com/uc?export=view&id=1ALBzFHD_P1aVLOGoN0PNA2kNxkeTKX0s,SITE tafawakdz / Cycle / Cycle_secondaire / Annee / 1as / matiere / hist
1as,matiere,hist,31138.pdf,https://drive.google.com/uc?export=view&id=1zpeqEtl2qV5sGG2e1vjl32zroC3pu0mV,SITE tafawakdz / Cycle / Cycle_secondaire / Annee / 1as / matiere / hist
1as,matiere,hist,31134.pdf,https://drive.google.com/uc?export=view&id=16nmA02O-BLz-8SU43EXY9FoSCCPoNYdy,SITE tafawakdz / Cycle / Cycle_secondaire / Annee / 1as / matiere / hist
1as,matiere,hist,31137.pdf,https://drive.google.com/uc?export=view&id=1gUKUdAU1ZX9UrYfJzASrMRhSWRmUDgl3,SITE tafawakdz / Cycle / Cycle_secondaire / Annee / 1as / matiere / hist
1as,matiere,hist,31136.pdf,https://drive.google.com/uc?export=view&id=182pMku-2icab1xdauOpIA-Sx26SF7Wb6,SITE tafawakdz / Cycle / Cycle_secondaire / Annee / 1as / matiere / hist
1as,matiere,hist,31135.pdf,https://drive.google.com/uc?export=view&id=1uVJ7LZbIWiS5Cg-zqZVPJju9zJJFXbRD,SITE tafawakdz / Cycle / Cycle_secondaire / Annee / 1as / matiere / hist
1as,matiere,hist,31133.pdf,https://drive.google.com/uc?export=view&id=1-lHEYar3BKSsDr8xl0JgBIPHl7Yq9Ta7,SITE tafawakdz / Cycle / Cycle_secondaire / Annee / 1as / matiere / hist
1as,matiere,hist,31132.pdf,https://drive.google.com/uc?export=view&id=1MTViveHm0HkxVmtPHZIfzgS7igO56ZBN,SITE tafawakdz / Cycle / Cycle_secondaire / Annee / 1as / matiere / hist
1as,matiere,islam,8977.pdf,https://drive.google.com/uc?export=view&id=1pg0LPmN3vKHty6u6RY3uJW1xYH401bjk,SITE tafawakdz / Cycle / Cycle_secondaire / Annee / 1as / matiere / islam
1as,matiere,islam,8987.pdf,https://drive.google.com/uc?export=view&id=1wh7qVAX8WV4KXfl0dS0lg_MKE2Yf2sHU,SITE tafawakdz / Cycle / Cycle_secondaire / Annee / 1as / matiere / islam
1as,matiere,islam,8986.pdf,https://drive.google.com/uc?export=view&id=1phI52TwF-D4Purwsucl7oJMof01qbTkP,SITE tafawakdz / Cycle / Cycle_secondaire / Annee / 1as / matiere / islam
1as,matiere,islam,8984.pdf,https://drive.google.com/uc?export=view&id=14IDKDYoZmPnRmAGl427SgDMUZPwCCYix,SITE tafawakdz / Cycle / Cycle_secondaire / Annee / 1as / matiere / islam
1as,matiere,islam,8985.pdf,https://drive.google.com/uc?export=view&id=1JlfK5WHeqalT2cevVv-c27IxMfhJZKIA,SITE tafawakdz / Cycle / Cycle_secondaire / Annee / 1as / matiere / islam
1as,matiere,islam,8982.pdf,https://drive.google.com/uc?export=view&id=1DlUIvnMr7Agu3HrFOXXDYvXsASKRAtVl,SITE tafawakdz / Cycle / Cycle_secondaire / Annee / 1as / matiere / islam
1as,matiere,islam,8983.pdf,https://drive.google.com/uc?export=view&id=1WuA0iJHFCbjPoyzeydsQrim9rne2H1xO,SITE tafawakdz / Cycle / Cycle_secondaire / Annee / 1as / matiere / islam
1as,matiere,islam,8980.pdf,https://drive.google.com/uc?export=view&id=1Ndj3kL0MMK2HFnl8zFZA7XPjazmgh_el,SITE tafawakdz / Cycle / Cycle_secondaire / Annee / 1as / matiere / islam
1as,matiere,islam,8981.pdf,https://drive.google.com/uc?export=view&id=1oG_AYA34bbsEMLZshzmQoA0SohkOqvdj,SITE tafawakdz / Cycle / Cycle_secondaire / Annee / 1as / matiere / islam
1as,matiere,islam,8979.pdf,https://drive.google.com/uc?export=view&id=1dU0mjBPjUF3Y2mVE6D1zng1eZ2m7pHHw,SITE tafawakdz / Cycle / Cycle_secondaire / Annee / 1as / matiere / islam
1as,matiere,islam,8978.pdf,https://drive.google.com/uc?export=view&id=1Qu53TaK1esX_-FkWJl4BY8Ms-KMonjjs,SITE tafawakdz / Cycle / Cycle_secondaire / Annee / 1as / matiere / islam
1as,matiere,islam,8976.pdf,https://drive.google.com/uc?export=view&id=1iQiXbdfID0-Fn2O2fBzt_gk2khwATf7I,SITE tafawakdz / Cycle / Cycle_secondaire / Annee / 1as / matiere / islam
1as,matiere,islam,8973.pdf,https://drive.google.com/uc?export=view&id=1OdIw2i-t-zBkBITstVI6EwevpUhnsmm5,SITE tafawakdz / Cycle / Cycle_secondaire / Annee / 1as / matiere / islam
1as,matiere,islam,8974.pdf,https://drive.google.com/uc?export=view&id=1X8lBSox5I-gf-Yvs29t5B4yFwWHy30H_,SITE tafawakdz / Cycle / Cycle_secondaire / Annee / 1as / matiere / islam
1as,matiere,islam,8975.pdf,https://drive.google.com/uc?export=view&id=1h0bA0h3zvdWafIf-Tzm43yD5CjHpaoyW,SITE tafawakdz / Cycle / Cycle_secondaire / Annee / 1as / matiere / islam
1as,matiere,islam,8970.pdf,https://drive.google.com/uc?export=view&id=1N4lnr3iRXYMJbaTMt7UZjVu7dPZPpWwu,SITE tafawakdz / Cycle / Cycle_secondaire / Annee / 1as / matiere / islam
1as,matiere,islam,8971.pdf,https://drive.google.com/uc?export=view&id=1XC6-qSrRETrFS1l-QdYVkQNtxpXiX1iQ,SITE tafawakdz / Cycle / Cycle_secondaire / Annee / 1as / matiere / islam
1as,matiere,islam,8972.pdf,https://drive.google.com/uc?export=view&id=1_9M_3gGhXMOLl7iPmqUk5zVDumwR5ful,SITE tafawakdz / Cycle / Cycle_secondaire / Annee / 1as / matiere / islam
1as,matiere,islam,8967.pdf,https://drive.google.com/uc?export=view&id=1Es64ZBpcwmfkrU_MALqOeYgGHJSN6ShD,SITE tafawakdz / Cycle / Cycle_secondaire / Annee / 1as / matiere / islam
1as,matiere,islam,8969.pdf,https://drive.google.com/uc?export=view&id=1juShb_iP_U-7MIGXseeETPEvn5nMFfaS,SITE tafawakdz / Cycle / Cycle_secondaire / Annee / 1as / matiere / islam
1as,matiere,islam,8968.pdf,https://drive.google.com/uc?export=view&id=1NOzHOF9oLxZU5Jtv0fHMR1QjPhmoi3i5,SITE tafawakdz / Cycle / Cycle_secondaire / Annee / 1as / matiere / islam
1as,matiere,islam,8965.pdf,https://drive.google.com/uc?export=view&id=12pZ440OkKXPEjMdYCVBdKRLCePT1-rK3,SITE tafawakdz / Cycle / Cycle_secondaire / Annee / 1as / matiere / islam
1as,matiere,islam,8966.pdf,https://drive.google.com/uc?export=view&id=1i-PzC6EXVw_rW8094pkKqxu_gKdjGPjZ,SITE tafawakdz / Cycle / Cycle_secondaire / Annee / 1as / matiere / islam
1as,matiere,islam,8964.pdf,https://drive.google.com/uc?export=view&id=1GkM1q6HSsnDbXjJ-jIOQ4bJaPz2nySUT,SITE tafawakdz / Cycle / Cycle_secondaire / Annee / 1as / matiere / islam
1as,matiere,islam,8962.pdf,https://drive.google.com/uc?export=view&id=1K92JFdXtsBbiClDHKPtfuzzh2NF0wP82,SITE tafawakdz / Cycle / Cycle_secondaire / Annee / 1as / matiere / islam
1as,matiere,islam,8963.pdf,https://drive.google.com/uc?export=view&id=1s1Rm_vNYa-WBtg8j2qztCkfkF7YivkBc,SITE tafawakdz / Cycle / Cycle_secondaire / Annee / 1as / matiere / islam
1as,matiere,islam,8961.pdf,https://drive.google.com/uc?export=view&id=1acSXpuhL3Bd5FsGCM3vCVh5Zee9LUvSd,SITE tafawakdz / Cycle / Cycle_secondaire / Annee / 1as / matiere / islam
1as,matiere,islam,8958.pdf,https://drive.google.com/uc?export=view&id=1KdBu0UnUrvTgVbC_W4zZ65-h0_7dXv08,SITE tafawakdz / Cycle / Cycle_secondaire / Annee / 1as / matiere / islam
1as,matiere,islam,8960.pdf,https://drive.google.com/uc?export=view&id=1sWIl7Eq5JDbvUy5m2lP7v2Cku9jrakCr,SITE tafawakdz / Cycle / Cycle_secondaire / Annee / 1as / matiere / islam
1as,matiere,islam,8959.pdf,https://drive.google.com/uc?export=view&id=1UO3a_Js8M7qlYdYWJMbft9ppL_9TEdtJ,SITE tafawakdz / Cycle / Cycle_secondaire / Annee / 1as / matiere / islam
1as,matiere,islam,8957.pdf,https://drive.google.com/uc?export=view&id=1YVvWq4dnkZ9x5Q9S4SvYUBlTA8jgW6Dg,SITE tafawakdz / Cycle / Cycle_secondaire / Annee / 1as / matiere / islam
1as,matiere,islam,8956.pdf,https://drive.google.com/uc?export=view&id=1EltdOIGPSLxY_maa5trtS4Knc5CXQ_0z,SITE tafawakdz / Cycle / Cycle_secondaire / Annee / 1as / matiere / islam
1as,matiere,islam,8954.pdf,https://drive.google.com/uc?export=view&id=1J4WR1Te5R0OMRVaIc6-TU1haPkWwWcz3,SITE tafawakdz / Cycle / Cycle_secondaire / Annee / 1as / matiere / islam
1as,matiere,islam,8955.pdf,https://drive.google.com/uc?export=view&id=1W0nfNgqDP7mBjCrJ1O8lw3r5ESxalfbK,SITE tafawakdz / Cycle / Cycle_secondaire / Annee / 1as / matiere / islam
1as,matiere,islam,8951.pdf,https://drive.google.com/uc?export=view&id=19HhKb9ei0HuAYhFksi0jpOTS_DzsL811,SITE tafawakdz / Cycle / Cycle_secondaire / Annee / 1as / matiere / islam
1as,matiere,islam,8953.pdf,https://drive.google.com/uc?export=view&id=1aXXj4rDhddVCzthJQwX2E17Zf7xqt9Yn,SITE tafawakdz / Cycle / Cycle_secondaire / Annee / 1as / matiere / islam
1as,matiere,islam,8952.pdf,https://drive.google.com/uc?export=view&id=1qrTNFyTibj0TNjEyeIlCpHpyfWPwja5R,SITE tafawakdz / Cycle / Cycle_secondaire / Annee / 1as / matiere / islam
1as,matiere,islam,8950.pdf,https://drive.google.com/uc?export=view&id=19ia7A6uU92uqmvH-FITxLRnM302hgd9I,SITE tafawakdz / Cycle / Cycle_secondaire / Annee / 1as / matiere / islam
1as,matiere,islam,8949.pdf,https://drive.google.com/uc?export=view&id=1EQHBnxQwdzTtU9THcwwTOYkG8QxEvQk7,SITE tafawakdz / Cycle / Cycle_secondaire / Annee / 1as / matiere / islam
1as,matiere,islam,8947.pdf,https://drive.google.com/uc?export=view&id=151LKEvhsiM7xvLF2pzICm2cKtYuza_1d,SITE tafawakdz / Cycle / Cycle_secondaire / Annee / 1as / matiere / islam
1as,matiere,islam,8948.pdf,https://drive.google.com/uc?export=view&id=1A0pLGdRNV2fwbqXMsXcw71ry1WM_EOL6,SITE tafawakdz / Cycle / Cycle_secondaire / Annee / 1as / matiere / islam
1as,matiere,islam,8946.pdf,https://drive.google.com/uc?export=view&id=1kKhMHwFGEM1O54RAgoGCi3tfWXnPBSIs,SITE tafawakdz / Cycle / Cycle_secondaire / Annee / 1as / matiere / islam
1as,matiere,islam,8945.pdf,https://drive.google.com/uc?export=view&id=17O-12xI8YpA6amVL1K6BoVXNVKGHmsAk,SITE tafawakdz / Cycle / Cycle_secondaire / Annee / 1as / matiere / islam
1as,matiere,islam,8944.pdf,https://drive.google.com/uc?export=view&id=1B5kM32AuC890Wu7bMgla2c_p92sa_YX9,SITE tafawakdz / Cycle / Cycle_secondaire / Annee / 1as / matiere / islam
1as,matiere,islam,8943.pdf,https://drive.google.com/uc?export=view&id=1h-r5LdedV92XqjGZgQofe1D45bYHO_yl,SITE tafawakdz / Cycle / Cycle_secondaire / Annee / 1as / matiere / islam
1as,matiere,islam,8942.pdf,https://drive.google.com/uc?export=view&id=1Cwpytv9khXO0wTugbS1j4sv0_-6ZoQQu,SITE tafawakdz / Cycle / Cycle_secondaire / Annee / 1as / matiere / islam
1as,matiere,islam,8941.pdf,https://drive.google.com/uc?export=view&id=1al43M2Noc1YiuFyo00cRZwwlMjqxeyC5,SITE tafawakdz / Cycle / Cycle_secondaire / Annee / 1as / matiere / islam
1as,matiere,islam,8939.pdf,https://drive.google.com/uc?export=view&id=130qa-ZkFIyrDNiW6vLyiD3SgFMib9riF,SITE tafawakdz / Cycle / Cycle_secondaire / Annee / 1as / matiere / islam
1as,matiere,islam,8940.pdf,https://drive.google.com/uc?export=view&id=1TYuLI8eOloM4_TI3F-eakFfGZaZRhLHw,SITE tafawakdz / Cycle / Cycle_secondaire / Annee / 1as / matiere / islam
1as,matiere,islam,8938.pdf,https://drive.google.com/uc?export=view&id=1siwNDZnIhZkV3vtzfIjqR2jyr1XV8LBm,SITE tafawakdz / Cycle / Cycle_secondaire / Annee / 1as / matiere / islam
1as,matiere,islam,8937.pdf,https://drive.google.com/uc?export=view&id=1QGQaavDsl-0KijElLH5qoshYlhFyzBGS,SITE tafawakdz / Cycle / Cycle_secondaire / Annee / 1as / matiere / islam
1as,matiere,islam,8936.pdf,https://drive.google.com/uc?export=view&id=1reGpkQdPda2S90jt2LtCpcld9fgYxMkx,SITE tafawakdz / Cycle / Cycle_secondaire / Annee / 1as / matiere / islam
1as,matiere,islam,8935.pdf,https://drive.google.com/uc?export=view&id=11FPVC9Ixtc1mqS7wxX0rFhuqdo6EFZJz,SITE tafawakdz / Cycle / Cycle_secondaire / Annee / 1as / matiere / islam
1as,matiere,islam,8933.pdf,https://drive.google.com/uc?export=view&id=1Mw66Vfaret-0SRO-Cv4zrtSoEiZOf8QQ,SITE tafawakdz / Cycle / Cycle_secondaire / Annee / 1as / matiere / islam
1as,matiere,islam,8934.pdf,https://drive.google.com/uc?export=view&id=1WN_D6G8yc-RupAOqCr8rHHebonjnQmFP,SITE tafawakdz / Cycle / Cycle_secondaire / Annee / 1as / matiere / islam
1as,matiere,islam,8927.pdf,https://drive.google.com/uc?export=view&id=1mEQigsBT2KLXBpoBg-BfebEjxqRtliv9,SITE tafawakdz / Cycle / Cycle_secondaire / Annee / 1as / matiere / islam
1as,matiere,islam,8932.pdf,https://drive.google.com/uc?export=view&id=19pXsDxPy0Lj70nv92xklLBe2bnRoWIFO,SITE tafawakdz / Cycle / Cycle_secondaire / Annee / 1as / matiere / islam
1as,matiere,islam,8931.pdf,https://drive.google.com/uc?export=view&id=1es0hOu4b4pSYu61wjX7DL4U7rSP8BXku,SITE tafawakdz / Cycle / Cycle_secondaire / Annee / 1as / matiere / islam
1as,matiere,islam,8930.pdf,https://drive.google.com/uc?export=view&id=1sFTbSkpYcHC0cHhhNXPI--98YZhdab3S,SITE tafawakdz / Cycle / Cycle_secondaire / Annee / 1as / matiere / islam
1as,matiere,islam,8929.pdf,https://drive.google.com/uc?export=view&id=1nEWq_HfBcPWFadKQ-zHfRE4iP2OmJM1U,SITE tafawakdz / Cycle / Cycle_secondaire / Annee / 1as / matiere / islam
1as,matiere,islam,8928.pdf,https://drive.google.com/uc?export=view&id=1Q_QXIQ39HIlGBF1QFdA_9llA9kyvaDgL,SITE tafawakdz / Cycle / Cycle_secondaire / Annee / 1as / matiere / islam
1as,matiere,islam,8926.pdf,https://drive.google.com/uc?export=view&id=19LQbLmfZ8bNusrv-sXzVhMDyjJYLOIhr,SITE tafawakdz / Cycle / Cycle_secondaire / Annee / 1as / matiere / islam
1as,matiere,islam,8900.pdf,https://drive.google.com/uc?export=view&id=1wYAfngAPWWekC4z3jUvE-j659Um8mP-D,SITE tafawakdz / Cycle / Cycle_secondaire / Annee / 1as / matiere / islam
1as,matiere,islam,8925.pdf,https://drive.google.com/uc?export=view&id=1YF8C9GjDCX-7wO_7sSOKt97uR1sHC4OL,SITE tafawakdz / Cycle / Cycle_secondaire / Annee / 1as / matiere / islam
1as,matiere,islam,8924.pdf,https://drive.google.com/uc?export=view&id=17b4t1qVt9mABL9tqg5d-5iw0gI2yA701,SITE tafawakdz / Cycle / Cycle_secondaire / Annee / 1as / matiere / islam
1as,matiere,islam,8923.pdf,https://drive.google.com/uc?export=view&id=1JDi5hwDHam2EA3ZnoD7dUgiMu6w4zng5,SITE tafawakdz / Cycle / Cycle_secondaire / Annee / 1as / matiere / islam
1as,matiere,islam,8922.pdf,https://drive.google.com/uc?export=view&id=1kSQ5tqXOB4atEpMj8GHOVHzzKzOyouCP,SITE tafawakdz / Cycle / Cycle_secondaire / Annee / 1as / matiere / islam
1as,matiere,islam,8921.pdf,https://drive.google.com/uc?export=view&id=1ftQLCsNyWBFheVTRmFNxYaxBa45EC25M,SITE tafawakdz / Cycle / Cycle_secondaire / Annee / 1as / matiere / islam
1as,matiere,islam,8920.pdf,https://drive.google.com/uc?export=view&id=1zK9XtyeDBwmREE1lV66IYg1b_wbwJdQt,SITE tafawakdz / Cycle / Cycle_secondaire / Annee / 1as / matiere / islam
1as,matiere,islam,8919.pdf,https://drive.google.com/uc?export=view&id=1YUvG6r2vsUzSMXo6L81j-jsDotVyOEl4,SITE tafawakdz / Cycle / Cycle_secondaire / Annee / 1as / matiere / islam
1as,matiere,islam,8918.pdf,https://drive.google.com/uc?export=view&id=13j2Q-YZfzzFda_S6wyGnsZe9-nxPXtsI,SITE tafawakdz / Cycle / Cycle_secondaire / Annee / 1as / matiere / islam
1as,matiere,islam,8917.pdf,https://drive.google.com/uc?export=view&id=1S57qWy08rdMfkCborh83arSdosTNnTBI,SITE tafawakdz / Cycle / Cycle_secondaire / Annee / 1as / matiere / islam
1as,matiere,islam,8916.pdf,https://drive.google.com/uc?export=view&id=1Viu73Alm68avGACTw2AlQfO5gdNpCsyY,SITE tafawakdz / Cycle / Cycle_secondaire / Annee / 1as / matiere / islam
1as,matiere,islam,8914.pdf,https://drive.google.com/uc?export=view&id=1pECn2fxxFTrUFB7Z630bqEpXrihGAXW7,SITE tafawakdz / Cycle / Cycle_secondaire / Annee / 1as / matiere / islam
1as,matiere,islam,8915.pdf,https://drive.google.com/uc?export=view&id=1qx5iWW-gvUsid8UeqVvdkDmSJfRDiRHv,SITE tafawakdz / Cycle / Cycle_secondaire / Annee / 1as / matiere / islam
1as,matiere,islam,8913.pdf,https://drive.google.com/uc?export=view&id=1O8jBwvlMZiDX_vae9dtWaGrN08MmxJO9,SITE tafawakdz / Cycle / Cycle_secondaire / Annee / 1as / matiere / islam
1as,matiere,islam,8912.pdf,https://drive.google.com/uc?export=view&id=1wNcZowmvNIWoYeAp_PfJ_cSuIoGP4iY-,SITE tafawakdz / Cycle / Cycle_secondaire / Annee / 1as / matiere / islam
1as,matiere,islam,8911.pdf,https://drive.google.com/uc?export=view&id=1Lgm1QkCfrPQXBgTHzUysAs_5xaSe7vXQ,SITE tafawakdz / Cycle / Cycle_secondaire / Annee / 1as / matiere / islam
1as,matiere,islam,8910.pdf,https://drive.google.com/uc?export=view&id=11dRLTUX7YfXMs-5IJpCcK_8hODw8nNT2,SITE tafawakdz / Cycle / Cycle_secondaire / Annee / 1as / matiere / islam
1as,matiere,islam,8909.pdf,https://drive.google.com/uc?export=view&id=1tp08c1okLy3NC8DLYeBJywRl1RRNBxvS,SITE tafawakdz / Cycle / Cycle_secondaire / Annee / 1as / matiere / islam
1as,matiere,islam,8908.pdf,https://drive.google.com/uc?export=view&id=1vmHKeLrL0PklA9k-zCfC4_ULBKnzzhZo,SITE tafawakdz / Cycle / Cycle_secondaire / Annee / 1as / matiere / islam
1as,matiere,islam,8907.pdf,https://drive.google.com/uc?export=view&id=1LeV5WBt8PX17bnLGwVmbaLgypqNd6nuH,SITE tafawakdz / Cycle / Cycle_secondaire / Annee / 1as / matiere / islam
1as,matiere,islam,8906.pdf,https://drive.google.com/uc?export=view&id=1YMlY9sRipPb1p9uYGY2IJd92clEsWQrI,SITE tafawakdz / Cycle / Cycle_secondaire / Annee / 1as / matiere / islam
1as,matiere,islam,8905.pdf,https://drive.google.com/uc?export=view&id=1iIgp853DZMU_pg11PEzwVTBLGlp3Omd3,SITE tafawakdz / Cycle / Cycle_secondaire / Annee / 1as / matiere / islam
1as,matiere,islam,8904.pdf,https://drive.google.com/uc?export=view&id=1jGRjc5aHe9ayxVxEYeHhhzq7V4Y5urJv,SITE tafawakdz / Cycle / Cycle_secondaire / Annee / 1as / matiere / islam
1as,matiere,islam,8903.pdf,https://drive.google.com/uc?export=view&id=1Y9d1MzPvjcKqJ92fhe1AWMMcK8dpgK8p,SITE tafawakdz / Cycle / Cycle_secondaire / Annee / 1as / matiere / islam